custid,spend_1m,visit_6m
10001,452,30
10002,117,17
10003,394,6
10004,251,2
10005,343,34
10006,277,35
10007,489,29
10008,45,46
10009,332,31
10010,374,10
10011,240,22
10012,83,1
10013,68,6
10014,73,39
10015,355,23
10016,103,12
10017,449,46
10018,374,44
10019,451,39
10020,109,33
10021,57,9
10022,190,36
10023,494,3
10024,202,36
10025,312,2
10026,178,41
10027,139,15
10028,391,3
10029,88,46
10030,402,39
10031,210,23
10032,451,4
10033,144,5
10034,423,6
10035,108,38
10036,174,9
10037,65,23
10038,98,1
10039,476,4
10040,171,5
10041,212,33
10042,426,34
10043,319,37
10044,439,34
10045,448,14
10046,22,29
10047,422,9
10048,337,30
10049,230,9
10050,90,28
10051,462,36
10052,292,14
10053,493,5
10054,12,9
10055,171,6
10056,429,43
10057,214,26
10058,334,47
10059,106,18
10060,354,46
10061,445,37
10062,213,44
10063,413,2
10064,116,33
10065,192,2
10066,53,13
10067,279,36
10068,430,43
10069,150,36
10070,476,5
10071,379,46
10072,389,18
10073,457,4
10074,475,33
10075,24,6
10076,231,38
10077,451,40
10078,10,4
10079,381,13
10080,454,17
10081,65,36
10082,61,47
10083,117,15
10084,152,50
10085,356,36
10086,114,6
10087,87,42
10088,149,7
10089,208,1
10090,105,41
10091,10,21
10092,31,47
10093,317,7
10094,158,11
10095,14,36
10096,449,1
10097,468,40
10098,56,49
10099,301,49
10100,122,23
10101,188,39
10102,75,14
10103,151,19
10104,194,41
10105,72,6
10106,88,20
10107,374,26
10108,473,31
10109,21,20
10110,296,14
10111,402,34
10112,448,14
10113,258,12
10114,39,49
10115,317,1
10116,302,39
10117,277,49
10118,352,44
10119,16,9
10120,489,33
10121,61,43
10122,209,32
10123,293,15
10124,432,29
10125,34,13
10126,151,18
10127,39,37
10128,45,20
10129,110,10
10130,480,1
10131,32,19
10132,122,11
10133,334,7
10134,397,18
10135,273,43
10136,435,44
10137,273,9
10138,315,42
10139,94,41
10140,59,27
10141,402,3
10142,163,10
10143,153,42
10144,263,10
10145,305,9
10146,222,19
10147,182,39
10148,12,4
10149,315,7
10150,66,32
10151,316,3
10152,414,14
10153,203,16
10154,486,17
10155,294,20
10156,408,15
10157,312,15
10158,224,48
10159,238,39
10160,44,18
10161,316,21
10162,197,34
10163,449,24
10164,214,35
10165,499,48
10166,163,13
10167,385,8
10168,93,12
10169,456,41
10170,475,37
10171,39,22
10172,312,36
10173,167,2
10174,254,38
10175,237,12
10176,351,21
10177,45,4
10178,211,19
10179,330,35
10180,335,45
10181,372,31
10182,324,43
10183,232,16
10184,315,11
10185,375,23
10186,293,26
10187,62,39
10188,269,28
10189,97,24
10190,480,20
10191,94,8
10192,168,30
10193,439,40
10194,434,13
10195,486,8
10196,486,7
10197,258,10
10198,362,17
10199,167,21
10200,340,32
10201,211,20
10202,338,43
10203,460,13
10204,307,9
10205,309,49
10206,234,49
10207,222,48
10208,306,30
10209,107,32
10210,193,6
10211,478,32
10212,378,33
10213,315,39
10214,161,14
10215,484,11
10216,155,38
10217,76,8
10218,499,38
10219,332,6
10220,291,4
10221,325,21
10222,158,8
10223,100,17
10224,149,33
10225,358,27
10226,408,27
10227,481,5
10228,226,25
10229,152,11
10230,449,48
10231,335,2
10232,369,5
10233,87,20
10234,190,19
10235,64,21
10236,354,10
10237,315,25
10238,234,39
10239,200,7
10240,31,40
10241,349,25
10242,211,16
10243,212,40
10244,492,50
10245,232,49
10246,175,50
10247,254,2
10248,418,26
10249,59,25
10250,91,20
10251,278,4
10252,88,27
10253,376,39
10254,175,7
10255,309,38
10256,305,45
10257,302,48
10258,426,12
10259,262,44
10260,385,4
10261,321,22
10262,133,50
10263,323,46
10264,196,24
10265,170,39
10266,392,18
10267,187,49
10268,89,38
10269,468,25
10270,475,31
10271,361,39
10272,456,32
10273,457,13
10274,93,50
10275,147,37
10276,171,25
10277,484,28
10278,189,25
10279,94,34
10280,326,7
10281,292,7
10282,332,45
10283,130,44
10284,101,37
10285,436,14
10286,387,4
10287,285,46
10288,463,30
10289,65,43
10290,448,48
10291,469,11
10292,173,10
10293,20,33
10294,427,8
10295,440,39
10296,320,36
10297,19,26
10298,332,6
10299,68,41
10300,397,17
10301,341,21
10302,467,42
10303,31,22
10304,135,2
10305,171,18
10306,318,21
10307,476,12
10308,171,43
10309,345,42
10310,368,12
10311,149,21
10312,293,24
10313,330,5
10314,78,29
10315,433,33
10316,210,45
10317,492,47
10318,25,12
10319,117,50
10320,226,13
10321,84,30
10322,34,38
10323,306,20
10324,307,45
10325,100,13
10326,443,21
10327,479,47
10328,85,24
10329,493,31
10330,328,23
10331,34,31
10332,248,14
10333,171,30
10334,439,7
10335,421,33
10336,452,6
10337,388,36
10338,80,27
10339,38,21
10340,496,18
10341,293,7
10342,223,1
10343,190,21
10344,273,12
10345,476,21
10346,238,32
10347,447,27
10348,311,43
10349,447,24
10350,354,3
10351,123,31
10352,59,18
10353,102,24
10354,24,13
10355,478,11
10356,165,30
10357,324,32
10358,399,35
10359,76,48
10360,100,39
10361,136,21
10362,386,22
10363,334,49
10364,196,14
10365,58,31
10366,289,20
10367,29,50
10368,39,13
10369,379,43
10370,284,8
10371,237,28
10372,155,7
10373,390,28
10374,131,25
10375,85,7
10376,125,36
10377,115,50
10378,289,20
10379,383,25
10380,70,15
10381,454,22
10382,212,13
10383,386,16
10384,264,36
10385,139,17
10386,431,44
10387,370,1
10388,448,7
10389,19,35
10390,479,28
10391,378,13
10392,88,15
10393,55,3
10394,52,15
10395,260,20
10396,364,39
10397,487,20
10398,224,3
10399,285,28
10400,457,37
10401,225,14
10402,236,37
10403,153,44
10404,103,5
10405,476,46
10406,100,27
10407,106,15
10408,152,47
10409,51,8
10410,56,36
10411,73,19
10412,497,9
10413,132,14
10414,335,36
10415,239,7
10416,71,33
10417,380,40
10418,195,11
10419,82,29
10420,445,2
10421,168,8
10422,41,23
10423,273,30
10424,496,46
10425,334,18
10426,74,24
10427,437,11
10428,286,20
10429,150,30
10430,436,34
10431,405,47
10432,361,42
10433,241,29
10434,41,10
10435,364,12
10436,472,34
10437,195,44
10438,487,50
10439,315,41
10440,340,30
10441,189,29
10442,362,36
10443,373,36
10444,203,10
10445,457,35
10446,226,23
10447,364,5
10448,430,44
10449,288,27
10450,39,25
10451,235,41
10452,289,22
10453,181,31
10454,230,24
10455,79,42
10456,444,39
10457,482,8
10458,380,34
10459,158,3
10460,129,17
10461,32,15
10462,157,7
10463,11,7
10464,117,40
10465,407,28
10466,491,2
10467,326,7
10468,324,39
10469,190,4
10470,94,45
10471,29,45
10472,208,17
10473,445,6
10474,176,1
10475,396,18
10476,434,8
10477,426,23
10478,405,39
10479,477,5
10480,260,16
10481,192,12
10482,386,35
10483,267,1
10484,270,14
10485,121,47
10486,158,38
10487,482,43
10488,122,10
10489,443,9
10490,198,28
10491,419,7
10492,143,43
10493,121,26
10494,396,45
10495,417,25
10496,319,34
10497,439,18
10498,442,29
10499,187,48
10500,159,17
10501,104,42
10502,471,22
10503,192,4
10504,395,46
10505,490,17
10506,486,36
10507,66,26
10508,453,42
10509,39,41
10510,290,15
10511,188,4
10512,424,4
10513,274,42
10514,269,6
10515,314,8
10516,182,48
10517,26,19
10518,81,20
10519,50,20
10520,452,40
10521,114,9
10522,346,43
10523,403,32
10524,213,34
10525,347,37
10526,42,13
10527,288,3
10528,276,2
10529,356,5
10530,192,4
10531,494,22
10532,335,46
10533,455,41
10534,383,14
10535,325,35
10536,446,29
10537,281,9
10538,280,9
10539,320,30
10540,169,15
10541,473,15
10542,286,29
10543,469,10
10544,88,32
10545,446,35
10546,377,21
10547,433,31
10548,433,11
10549,454,47
10550,378,21
10551,200,12
10552,84,38
10553,327,40
10554,405,45
10555,33,6
10556,491,21
10557,353,23
10558,302,41
10559,473,34
10560,350,6
10561,14,3
10562,491,29
10563,52,41
10564,129,19
10565,422,11
10566,340,9
10567,292,17
10568,170,3
10569,11,13
10570,269,42
10571,67,45
10572,495,37
10573,403,19
10574,79,38
10575,120,27
10576,32,12
10577,19,9
10578,123,21
10579,137,33
10580,451,3
10581,462,46
10582,80,47
10583,127,23
10584,332,2
10585,481,17
10586,426,16
10587,167,47
10588,299,28
10589,25,22
10590,409,26
10591,251,7
10592,201,13
10593,362,48
10594,206,19
10595,382,22
10596,265,47
10597,499,38
10598,108,47
10599,255,4
10600,80,4
10601,352,34
10602,404,46
10603,243,24
10604,19,43
10605,39,43
10606,214,36
10607,258,35
10608,460,15
10609,41,26
10610,190,45
10611,209,50
10612,73,12
10613,359,48
10614,370,27
10615,338,24
10616,119,11
10617,133,8
10618,401,4
10619,352,31
10620,173,17
10621,64,36
10622,267,25
10623,317,50
10624,449,23
10625,157,49
10626,128,3
10627,395,48
10628,262,31
10629,455,38
10630,263,13
10631,438,49
10632,332,41
10633,96,26
10634,387,24
10635,473,12
10636,75,37
10637,265,4
10638,142,8
10639,228,12
10640,345,4
10641,346,12
10642,318,21
10643,497,13
10644,257,36
10645,46,20
10646,204,29
10647,434,18
10648,150,34
10649,272,34
10650,26,28
10651,50,42
10652,368,32
10653,355,21
10654,298,6
10655,195,15
10656,495,43
10657,238,29
10658,135,43
10659,275,23
10660,98,35
10661,140,31
10662,118,21
10663,336,15
10664,32,8
10665,321,22
10666,30,35
10667,441,4
10668,95,12
10669,194,16
10670,490,4
10671,247,34
10672,146,16
10673,425,30
10674,205,7
10675,139,29
10676,77,26
10677,60,5
10678,126,19
10679,261,2
10680,25,42
10681,380,30
10682,151,49
10683,93,18
10684,234,14
10685,466,19
10686,19,22
10687,345,40
10688,142,4
10689,415,36
10690,100,45
10691,314,23
10692,42,7
10693,164,27
10694,358,39
10695,41,5
10696,228,42
10697,237,10
10698,227,30
10699,49,1
10700,51,43
10701,474,6
10702,226,22
10703,461,1
10704,478,14
10705,260,21
10706,47,31
10707,200,35
10708,285,6
10709,37,10
10710,31,34
10711,68,31
10712,122,38
10713,17,2
10714,55,32
10715,451,34
10716,450,15
10717,97,8
10718,44,34
10719,266,10
10720,87,3
10721,395,19
10722,61,36
10723,77,12
10724,76,4
10725,167,45
10726,40,15
10727,255,31
10728,167,37
10729,324,14
10730,337,47
10731,167,31
10732,87,8
10733,402,18
10734,373,20
10735,352,49
10736,364,43
10737,349,18
10738,304,29
10739,11,38
10740,469,28
10741,198,28
10742,95,7
10743,215,50
10744,370,36
10745,69,39
10746,172,26
10747,183,7
10748,365,7
10749,420,20
10750,229,14
10751,470,37
10752,339,48
10753,412,20
10754,251,8
10755,430,36
10756,425,9
10757,206,25
10758,386,28
10759,145,32
10760,491,12
10761,45,22
10762,51,24
10763,480,21
10764,448,8
10765,339,48
10766,321,49
10767,328,48
10768,443,10
10769,62,41
10770,333,26
10771,33,7
10772,403,18
10773,473,30
10774,332,21
10775,313,13
10776,454,10
10777,404,31
10778,120,8
10779,382,11
10780,496,3
10781,119,14
10782,370,2
10783,90,5
10784,323,7
10785,116,39
10786,337,18
10787,83,46
10788,289,45
10789,267,17
10790,91,48
10791,94,30
10792,210,38
10793,457,49
10794,446,35
10795,410,22
10796,429,45
10797,454,24
10798,101,28
10799,322,33
10800,486,1
10801,120,27
10802,314,37
10803,390,35
10804,399,7
10805,28,23
10806,486,40
10807,213,48
10808,207,10
10809,75,50
10810,229,47
10811,53,27
10812,223,38
10813,154,23
10814,232,2
10815,259,18
10816,146,12
10817,231,15
10818,202,35
10819,434,16
10820,103,7
10821,247,13
10822,249,8
10823,140,24
10824,453,34
10825,441,43
10826,113,3
10827,464,22
10828,84,5
10829,174,23
10830,220,2
10831,490,45
10832,372,20
10833,198,47
10834,96,37
10835,343,6
10836,431,6
10837,164,8
10838,57,32
10839,268,10
10840,395,4
10841,473,20
10842,464,36
10843,300,25
10844,237,46
10845,242,13
10846,120,23
10847,401,23
10848,84,19
10849,269,8
10850,436,29
10851,214,42
10852,213,32
10853,117,19
10854,19,17
10855,256,8
10856,188,33
10857,187,46
10858,422,21
10859,96,36
10860,346,12
10861,104,34
10862,52,41
10863,172,22
10864,331,9
10865,152,39
10866,486,3
10867,193,27
10868,382,46
10869,257,34
10870,223,6
10871,50,39
10872,373,20
10873,130,12
10874,204,40
10875,273,46
10876,341,41
10877,110,15
10878,179,19
10879,457,27
10880,419,20
10881,348,20
10882,448,33
10883,302,5
10884,333,12
10885,230,49
10886,422,27
10887,500,28
10888,247,14
10889,343,20
10890,435,31
10891,435,28
10892,465,16
10893,236,47
10894,448,10
10895,135,23
10896,394,22
10897,380,8
10898,286,10
10899,242,33
10900,481,47
10901,350,34
10902,331,44
10903,129,42
10904,301,15
10905,482,1
10906,217,41
10907,109,17
10908,279,18
10909,83,30
10910,410,8
10911,191,11
10912,94,41
10913,445,14
10914,81,29
10915,48,23
10916,189,1
10917,298,12
10918,62,49
10919,107,9
10920,235,37
10921,110,36
10922,189,10
10923,149,42
10924,206,24
10925,19,8
10926,29,10
10927,54,9
10928,221,48
10929,420,6
10930,206,32
10931,361,1
10932,25,28
10933,234,48
10934,37,14
10935,30,16
10936,400,5
10937,416,26
10938,440,24
10939,70,47
10940,420,40
10941,86,17
10942,351,43
10943,222,14
10944,207,25
10945,259,39
10946,482,47
10947,363,26
10948,345,10
10949,426,14
10950,75,24
10951,404,31
10952,133,21
10953,420,8
10954,446,43
10955,188,22
10956,222,39
10957,108,44
10958,262,37
10959,105,32
10960,236,11
10961,100,28
10962,193,36
10963,314,38
10964,18,29
10965,287,29
10966,310,3
10967,116,27
10968,375,5
10969,316,12
10970,312,24
10971,12,27
10972,359,11
10973,240,35
10974,466,22
10975,61,25
10976,81,8
10977,27,27
10978,377,29
10979,25,41
10980,398,2
10981,497,23
10982,382,37
10983,365,40
10984,291,15
10985,343,3
10986,318,15
10987,46,45
10988,178,26
10989,197,42
10990,417,31
10991,158,28
10992,361,27
10993,245,26
10994,393,12
10995,275,10
10996,255,3
10997,424,7
10998,36,9
10999,12,49
11000,294,30
11001,54,43
11002,429,32
11003,11,16
11004,10,45
11005,434,49
11006,475,40
11007,178,11
11008,66,19
11009,44,11
11010,42,37
11011,96,25
11012,152,2
11013,378,34
11014,351,37
11015,227,23
11016,35,35
11017,404,20
11018,26,9
11019,59,16
11020,111,42
11021,64,9
11022,244,36
11023,166,13
11024,442,30
11025,138,50
11026,267,42
11027,427,5
11028,340,33
11029,50,8
11030,327,36
11031,340,12
11032,473,32
11033,123,10
11034,149,12
11035,217,6
11036,55,19
11037,133,6
11038,94,2
11039,436,27
11040,241,50
11041,209,23
11042,164,8
11043,367,3
11044,28,7
11045,375,33
11046,293,22
11047,248,24
11048,480,23
11049,14,14
11050,342,35
11051,382,50
11052,345,44
11053,389,32
11054,195,22
11055,458,1
11056,94,26
11057,155,23
11058,85,13
11059,209,2
11060,325,14
11061,327,20
11062,379,3
11063,420,30
11064,45,7
11065,258,12
11066,232,31
11067,319,44
11068,447,1
11069,332,17
11070,244,11
11071,416,49
11072,340,37
11073,294,2
11074,266,22
11075,35,1
11076,27,39
11077,349,9
11078,485,12
11079,464,34
11080,25,38
11081,294,2
11082,220,38
11083,293,19
11084,339,40
11085,492,38
11086,364,28
11087,399,39
11088,231,7
11089,140,47
11090,295,50
11091,457,47
11092,406,9
11093,370,7
11094,253,20
11095,481,32
11096,290,22
11097,233,36
11098,120,7
11099,230,44
11100,46,46
11101,408,34
11102,60,48
11103,389,24
11104,56,39
11105,169,23
11106,410,33
11107,367,19
11108,484,9
11109,140,14
11110,320,8
11111,392,22
11112,141,29
11113,398,31
11114,27,3
11115,152,50
11116,347,41
11117,180,28
11118,440,43
11119,190,2
11120,283,3
11121,231,7
11122,281,17
11123,45,9
11124,223,10
11125,344,25
11126,49,31
11127,79,40
11128,130,44
11129,23,9
11130,399,28
11131,227,24
11132,187,41
11133,171,22
11134,426,14
11135,429,14
11136,181,12
11137,24,29
11138,169,25
11139,285,17
11140,291,4
11141,96,17
11142,404,44
11143,108,39
11144,235,31
11145,130,5
11146,282,23
11147,481,21
11148,154,43
11149,37,34
11150,415,2
11151,367,24
11152,347,2
11153,110,18
11154,219,15
11155,341,18
11156,66,28
11157,480,33
11158,436,22
11159,427,16
11160,335,45
11161,177,44
11162,425,47
11163,268,12
11164,186,11
11165,416,41
11166,208,29
11167,189,44
11168,356,9
11169,41,41
11170,196,18
11171,199,24
11172,415,48
11173,308,45
11174,136,37
11175,215,31
11176,431,19
11177,464,44
11178,62,19
11179,433,43
11180,202,27
11181,275,4
11182,21,39
11183,75,33
11184,283,49
11185,483,17
11186,490,24
11187,487,6
11188,47,18
11189,167,35
11190,275,18
11191,22,35
11192,383,20
11193,201,40
11194,392,22
11195,104,4
11196,416,3
11197,49,15
11198,68,33
11199,26,49
11200,320,24
11201,327,29
11202,33,39
11203,411,3
11204,472,27
11205,56,38
11206,426,48
11207,315,32
11208,446,5
11209,187,48
11210,451,12
11211,15,29
11212,234,41
11213,180,2
11214,180,34
11215,410,16
11216,178,8
11217,305,17
11218,70,27
11219,173,47
11220,388,36
11221,275,38
11222,274,1
11223,245,26
11224,157,2
11225,77,42
11226,235,35
11227,462,24
11228,412,34
11229,74,49
11230,332,23
11231,407,34
11232,163,3
11233,284,30
11234,187,16
11235,209,12
11236,347,7
11237,168,33
11238,163,13
11239,440,44
11240,31,37
11241,253,18
11242,435,49
11243,416,49
11244,187,23
11245,68,15
11246,123,22
11247,488,30
11248,175,29
11249,340,13
11250,367,26
11251,196,3
11252,246,15
11253,175,38
11254,275,11
11255,357,33
11256,427,13
11257,380,23
11258,406,43
11259,47,50
11260,354,12
11261,125,15
11262,142,20
11263,473,32
11264,259,16
11265,97,2
11266,255,46
11267,250,9
11268,98,17
11269,384,21
11270,453,37
11271,453,15
11272,291,34
11273,266,18
11274,147,21
11275,234,15
11276,226,23
11277,30,30
11278,189,38
11279,186,17
11280,490,10
11281,315,13
11282,316,35
11283,438,45
11284,181,23
11285,121,19
11286,368,16
11287,452,30
11288,461,28
11289,451,19
11290,456,2
11291,269,17
11292,410,39
11293,364,13
11294,428,28
11295,364,47
11296,381,31
11297,184,14
11298,471,27
11299,404,9
11300,492,38
11301,173,18
11302,166,44
11303,135,35
11304,40,45
11305,455,22
11306,173,32
11307,315,9
11308,365,32
11309,201,41
11310,37,20
11311,44,45
11312,241,27
11313,301,4
11314,475,24
11315,17,20
11316,67,19
11317,101,12
11318,37,41
11319,51,14
11320,367,17
11321,324,48
11322,142,20
11323,424,32
11324,373,46
11325,370,31
11326,64,31
11327,206,38
11328,223,48
11329,85,14
11330,122,37
11331,268,22
11332,124,50
11333,87,10
11334,409,42
11335,433,1
11336,130,5
11337,122,48
11338,167,15
11339,342,32
11340,88,8
11341,150,35
11342,272,44
11343,350,12
11344,44,12
11345,166,12
11346,285,28
11347,199,38
11348,217,16
11349,207,7
11350,205,2
11351,185,48
11352,363,13
11353,465,27
11354,369,43
11355,140,33
11356,193,50
11357,329,39
11358,124,4
11359,81,2
11360,491,21
11361,475,13
11362,160,46
11363,159,34
11364,49,37
11365,221,43
11366,259,22
11367,263,36
11368,217,30
11369,353,13
11370,321,15
11371,403,49
11372,73,26
11373,230,3
11374,361,27
11375,187,14
11376,475,28
11377,341,24
11378,156,25
11379,383,35
11380,34,26
11381,307,18
11382,56,47
11383,252,27
11384,74,15
11385,323,33
11386,259,50
11387,223,6
11388,249,41
11389,421,8
11390,54,15
11391,15,23
11392,201,11
11393,387,15
11394,204,44
11395,373,35
11396,500,35
11397,370,13
11398,187,38
11399,67,27
11400,13,11
11401,162,32
11402,124,14
11403,328,14
11404,433,39
11405,297,18
11406,380,44
11407,319,34
11408,220,5
11409,10,42
11410,316,15
11411,93,39
11412,326,31
11413,384,2
11414,385,20
11415,462,23
11416,141,15
11417,304,29
11418,208,2
11419,183,10
11420,108,3
11421,59,30
11422,38,8
11423,14,12
11424,44,38
11425,471,29
11426,233,30
11427,106,10
11428,121,30
11429,293,10
11430,351,40
11431,319,14
11432,399,30
11433,85,26
11434,220,2
11435,356,26
11436,255,13
11437,458,1
11438,498,22
11439,256,18
11440,48,48
11441,495,50
11442,71,19
11443,338,1
11444,144,2
11445,476,26
11446,73,20
11447,70,3
11448,90,28
11449,378,22
11450,159,11
11451,116,49
11452,163,1
11453,315,10
11454,428,28
11455,397,1
11456,63,43
11457,189,41
11458,370,24
11459,305,18
11460,117,15
11461,369,11
11462,320,22
11463,286,36
11464,426,24
11465,426,43
11466,345,45
11467,66,35
11468,476,6
11469,394,45
11470,333,50
11471,120,11
11472,461,40
11473,486,37
11474,493,9
11475,130,22
11476,461,41
11477,319,11
11478,184,31
11479,217,40
11480,176,29
11481,124,16
11482,463,10
11483,447,5
11484,305,35
11485,93,22
11486,279,43
11487,334,12
11488,56,38
11489,294,38
11490,41,17
11491,174,17
11492,13,10
11493,318,39
11494,265,15
11495,495,5
11496,48,30
11497,459,28
11498,144,6
11499,466,47
11500,31,26
11501,411,12
11502,462,34
11503,469,47
11504,403,31
11505,49,16
11506,158,50
11507,206,2
11508,389,28
11509,98,42
11510,33,41
11511,240,26
11512,210,9
11513,273,27
11514,385,3
11515,138,11
11516,53,48
11517,351,13
11518,49,34
11519,127,21
11520,439,20
11521,70,19
11522,416,20
11523,285,39
11524,492,19
11525,457,47
11526,161,14
11527,466,3
11528,185,40
11529,183,50
11530,167,38
11531,430,42
11532,343,43
11533,114,11
11534,172,43
11535,141,2
11536,395,4
11537,77,24
11538,313,31
11539,341,48
11540,479,6
11541,431,22
11542,447,8
11543,228,24
11544,465,15
11545,59,12
11546,437,36
11547,438,4
11548,420,45
11549,175,19
11550,92,3
11551,19,18
11552,116,43
11553,420,16
11554,312,15
11555,237,12
11556,448,21
11557,191,4
11558,263,33
11559,338,49
11560,424,16
11561,180,33
11562,107,2
11563,277,25
11564,299,25
11565,11,34
11566,463,2
11567,473,32
11568,281,17
11569,377,12
11570,411,20
11571,161,16
11572,57,17
11573,132,36
11574,89,24
11575,218,22
11576,265,42
11577,388,21
11578,319,34
11579,63,39
11580,318,50
11581,150,13
11582,421,31
11583,28,31
11584,252,31
11585,324,13
11586,476,21
11587,370,37
11588,76,38
11589,157,24
11590,210,21
11591,20,26
11592,359,10
11593,108,41
11594,381,39
11595,222,27
11596,127,16
11597,75,34
11598,411,10
11599,46,29
11600,481,14
11601,89,1
11602,196,12
11603,86,31
11604,500,7
11605,231,35
11606,271,41
11607,488,21
11608,458,10
11609,128,14
11610,15,27
11611,406,45
11612,352,7
11613,500,27
11614,103,24
11615,52,29
11616,161,49
11617,313,42
11618,444,33
11619,261,29
11620,63,41
11621,498,16
11622,332,24
11623,410,1
11624,283,15
11625,275,50
11626,475,9
11627,489,17
11628,450,48
11629,451,31
11630,124,27
11631,453,2
11632,324,40
11633,240,1
11634,434,18
11635,228,25
11636,56,9
11637,194,34
11638,73,34
11639,260,25
11640,379,8
11641,254,7
11642,22,49
11643,415,16
11644,360,34
11645,307,4
11646,377,7
11647,143,44
11648,231,31
11649,86,3
11650,244,49
11651,325,35
11652,385,7
11653,271,48
11654,225,37
11655,87,22
11656,440,30
11657,356,37
11658,179,46
11659,428,39
11660,453,4
11661,314,37
11662,359,9
11663,16,35
11664,485,5
11665,53,45
11666,435,50
11667,312,30
11668,127,12
11669,283,19
11670,305,9
11671,347,32
11672,115,49
11673,338,25
11674,463,32
11675,439,22
11676,167,26
11677,306,42
11678,202,46
11679,129,41
11680,371,12
11681,277,34
11682,32,17
11683,248,28
11684,216,42
11685,53,45
11686,270,28
11687,100,14
11688,474,42
11689,22,44
11690,66,31
11691,404,43
11692,236,43
11693,77,7
11694,78,15
11695,432,49
11696,383,9
11697,271,24
11698,181,42
11699,490,9
11700,146,37
11701,116,10
11702,366,47
11703,17,46
11704,106,35
11705,35,43
11706,259,46
11707,137,28
11708,329,46
11709,105,39
11710,61,35
11711,112,47
11712,261,30
11713,246,4
11714,452,15
11715,208,7
11716,211,18
11717,22,26
11718,436,13
11719,312,45
11720,280,9
11721,459,49
11722,340,21
11723,54,11
11724,388,27
11725,491,12
11726,333,42
11727,106,44
11728,89,34
11729,474,40
11730,43,27
11731,121,25
11732,119,8
11733,205,37
11734,433,34
11735,206,50
11736,262,7
11737,403,43
11738,331,47
11739,373,23
11740,393,29
11741,134,28
11742,31,32
11743,132,1
11744,486,31
11745,155,7
11746,442,32
11747,262,50
11748,321,38
11749,232,41
11750,381,44
11751,320,47
11752,465,6
11753,376,14
11754,112,24
11755,21,17
11756,416,29
11757,423,18
11758,176,35
11759,489,9
11760,415,11
11761,413,32
11762,306,35
11763,470,29
11764,440,1
11765,432,45
11766,402,27
11767,213,4
11768,446,46
11769,181,21
11770,174,31
11771,423,50
11772,31,31
11773,181,29
11774,283,12
11775,469,43
11776,303,13
11777,448,16
11778,14,9
11779,42,43
11780,158,29
11781,217,34
11782,226,5
11783,477,10
11784,304,12
11785,33,16
11786,68,39
11787,401,30
11788,93,34
11789,461,23
11790,287,36
11791,350,42
11792,247,28
11793,158,16
11794,416,3
11795,409,10
11796,131,40
11797,387,2
11798,184,37
11799,219,24
11800,403,2
11801,304,11
11802,260,4
11803,450,10
11804,421,16
11805,219,3
11806,99,22
11807,418,9
11808,470,5
11809,296,40
11810,80,3
11811,300,36
11812,483,8
11813,167,23
11814,461,21
11815,144,24
11816,73,15
11817,88,45
11818,106,9
11819,255,41
11820,461,40
11821,458,38
11822,496,42
11823,82,15
11824,111,4
11825,170,30
11826,260,6
11827,497,47
11828,19,29
11829,211,15
11830,398,31
11831,243,18
11832,187,48
11833,473,26
11834,59,29
11835,127,8
11836,477,10
11837,406,5
11838,31,49
11839,15,11
11840,159,33
11841,374,24
11842,399,29
11843,236,19
11844,331,14
11845,44,24
11846,86,5
11847,376,47
11848,194,30
11849,481,48
11850,276,33
11851,104,34
11852,106,10
11853,49,40
11854,282,19
11855,95,15
11856,430,45
11857,366,46
11858,366,45
11859,464,32
11860,231,5
11861,57,17
11862,342,44
11863,365,18
11864,61,7
11865,256,14
11866,295,47
11867,18,19
11868,400,33
11869,486,34
11870,373,33
11871,345,24
11872,19,21
11873,258,32
11874,215,5
11875,420,2
11876,371,25
11877,64,29
11878,290,47
11879,11,10
11880,39,4
11881,479,40
11882,421,19
11883,422,8
11884,282,4
11885,476,28
11886,189,21
11887,466,48
11888,207,37
11889,378,20
11890,93,1
11891,93,43
11892,489,23
11893,371,29
11894,160,32
11895,142,19
11896,315,1
11897,285,12
11898,140,32
11899,343,17
11900,443,24
11901,499,8
11902,308,44
11903,186,24
11904,309,36
11905,34,48
11906,22,39
11907,214,6
11908,203,3
11909,16,36
11910,445,39
11911,485,22
11912,127,37
11913,194,46
11914,262,19
11915,499,41
11916,106,44
11917,255,28
11918,313,48
11919,34,26
11920,95,5
11921,325,12
11922,402,17
11923,113,44
11924,362,2
11925,403,31
11926,285,46
11927,344,16
11928,284,5
11929,414,49
11930,187,25
11931,368,33
11932,460,31
11933,295,42
11934,84,6
11935,379,26
11936,194,31
11937,230,8
11938,255,29
11939,65,32
11940,108,36
11941,35,49
11942,230,26
11943,76,5
11944,354,42
11945,33,13
11946,475,28
11947,334,9
11948,491,15
11949,56,24
11950,126,15
11951,165,50
11952,368,29
11953,478,30
11954,248,32
11955,253,22
11956,263,29
11957,152,19
11958,10,45
11959,24,40
11960,234,49
11961,29,20
11962,182,39
11963,205,6
11964,487,34
11965,334,11
11966,186,31
11967,78,12
11968,164,5
11969,431,24
11970,100,25
11971,286,22
11972,240,30
11973,307,36
11974,219,16
11975,454,49
11976,19,38
11977,242,39
11978,495,32
11979,161,30
11980,431,45
11981,34,18
11982,251,4
11983,138,44
11984,302,46
11985,135,49
11986,70,1
11987,470,1
11988,36,45
11989,82,8
11990,119,5
11991,321,40
11992,129,29
11993,454,37
11994,386,41
11995,319,8
11996,444,17
11997,450,28
11998,326,27
11999,48,29
12000,135,38
12001,144,1
12002,301,49
12003,31,5
12004,47,5
12005,248,4
12006,466,39
12007,459,2
12008,129,23
12009,443,22
12010,360,2
12011,466,3
12012,351,26
12013,354,31
12014,181,44
12015,494,24
12016,267,29
12017,133,36
12018,304,40
12019,385,48
12020,358,39
12021,413,27
12022,37,39
12023,83,39
12024,183,17
12025,473,31
12026,148,34
12027,206,12
12028,96,25
12029,392,27
12030,117,18
12031,451,4
12032,93,47
12033,99,7
12034,31,1
12035,201,17
12036,34,20
12037,149,13
12038,279,18
12039,195,27
12040,287,16
12041,217,24
12042,303,25
12043,214,14
12044,260,49
12045,237,37
12046,111,25
12047,316,33
12048,255,44
12049,342,14
12050,354,33
12051,363,41
12052,162,8
12053,48,17
12054,104,35
12055,429,6
12056,222,3
12057,228,46
12058,213,7
12059,349,47
12060,232,44
12061,289,11
12062,304,16
12063,222,47
12064,261,21
12065,356,48
12066,261,26
12067,411,22
12068,159,27
12069,249,1
12070,450,28
12071,409,50
12072,183,27
12073,326,35
12074,438,19
12075,249,18
12076,303,12
12077,143,42
12078,296,48
12079,163,30
12080,420,20
12081,361,38
12082,128,43
12083,409,19
12084,185,35
12085,229,34
12086,476,49
12087,109,31
12088,229,1
12089,309,5
12090,93,15
12091,445,18
12092,360,10
12093,259,40
12094,423,16
12095,189,36
12096,155,45
12097,73,40
12098,137,15
12099,155,36
12100,321,35
12101,319,16
12102,165,16
12103,405,37
12104,59,33
12105,351,17
12106,391,3
12107,234,9
12108,485,2
12109,75,17
12110,295,35
12111,415,25
12112,418,21
12113,466,12
12114,277,4
12115,201,11
12116,246,42
12117,166,23
12118,331,21
12119,152,2
12120,128,20
12121,207,22
12122,250,5
12123,168,39
12124,118,26
12125,399,3
12126,391,17
12127,173,49
12128,192,4
12129,139,48
12130,209,7
12131,64,43
12132,50,11
12133,465,31
12134,451,1
12135,260,26
12136,498,29
12137,257,42
12138,91,50
12139,429,29
12140,100,22
12141,397,47
12142,191,16
12143,244,18
12144,119,48
12145,282,50
12146,276,9
12147,46,29
12148,282,1
12149,162,49
12150,181,4
12151,117,11
12152,173,11
12153,248,9
12154,21,8
12155,191,42
12156,370,4
12157,55,10
12158,460,14
12159,440,17
12160,406,48
12161,15,10
12162,320,22
12163,479,15
12164,129,44
12165,440,23
12166,138,41
12167,395,26
12168,182,37
12169,381,30
12170,32,37
12171,197,42
12172,337,36
12173,429,20
12174,401,29
12175,378,2
12176,467,14
12177,113,31
12178,116,33
12179,262,4
12180,407,36
12181,289,49
12182,475,42
12183,433,40
12184,71,43
12185,357,16
12186,82,23
12187,178,12
12188,362,39
12189,337,13
12190,418,16
12191,109,45
12192,74,11
12193,315,24
12194,323,42
12195,169,17
12196,54,2
12197,352,40
12198,102,8
12199,250,31
12200,370,3
12201,180,1
12202,251,47
12203,478,48
12204,346,36
12205,168,12
12206,420,20
12207,203,50
12208,124,4
12209,124,7
12210,149,15
12211,13,19
12212,282,21
12213,417,11
12214,276,25
12215,270,44
12216,103,36
12217,227,38
12218,500,12
12219,36,24
12220,339,4
12221,170,20
12222,72,31
12223,37,2
12224,280,46
12225,64,40
12226,98,40
12227,133,23
12228,354,34
12229,489,15
12230,496,26
12231,320,31
12232,104,33
12233,99,9
12234,391,49
12235,104,38
12236,465,12
12237,222,37
12238,460,22
12239,241,14
12240,119,3
12241,197,15
12242,431,14
12243,73,1
12244,178,50
12245,389,22
12246,226,35
12247,127,9
12248,380,47
12249,364,20
12250,185,28
12251,183,18
12252,380,15
12253,22,6
12254,159,5
12255,82,41
12256,316,18
12257,35,37
12258,136,8
12259,59,14
12260,382,42
12261,233,28
12262,252,50
12263,406,44
12264,23,19
12265,397,50
12266,271,35
12267,365,3
12268,136,18
12269,365,16
12270,180,6
12271,466,41
12272,295,32
12273,331,23
12274,373,4
12275,178,35
12276,487,24
12277,249,42
12278,418,40
12279,64,34
12280,257,14
12281,350,5
12282,126,12
12283,334,8
12284,330,28
12285,155,17
12286,264,32
12287,104,45
12288,460,43
12289,199,22
12290,279,17
12291,127,3
12292,30,18
12293,165,23
12294,257,34
12295,136,28
12296,171,8
12297,35,30
12298,66,23
12299,276,44
12300,414,1
12301,51,34
12302,451,43
12303,36,40
12304,273,28
12305,353,8
12306,106,7
12307,235,19
12308,458,42
12309,85,3
12310,312,43
12311,61,42
12312,333,25
12313,302,8
12314,489,3
12315,395,18
12316,86,43
12317,428,23
12318,247,17
12319,63,22
12320,212,18
12321,458,2
12322,139,20
12323,374,2
12324,449,13
12325,109,31
12326,44,28
12327,347,29
12328,421,2
12329,341,3
12330,211,47
12331,450,50
12332,274,29
12333,492,29
12334,416,24
12335,256,3
12336,73,37
12337,344,37
12338,414,44
12339,487,40
12340,78,33
12341,287,31
12342,318,14
12343,168,11
12344,56,43
12345,100,16
12346,162,11
12347,499,31
12348,186,30
12349,232,37
12350,497,48
12351,346,49
12352,263,27
12353,153,35
12354,368,43
12355,177,36
12356,283,26
12357,222,6
12358,110,19
12359,31,3
12360,437,37
12361,108,18
12362,465,13
12363,245,15
12364,318,11
12365,129,34
12366,494,17
12367,110,12
12368,115,3
12369,413,18
12370,110,5
12371,360,13
12372,309,29
12373,233,15
12374,73,41
12375,322,23
12376,109,40
12377,259,2
12378,161,26
12379,405,41
12380,480,25
12381,481,32
12382,429,11
12383,242,10
12384,130,22
12385,282,20
12386,18,3
12387,424,16
12388,144,6
12389,166,14
12390,422,19
12391,442,1
12392,396,4
12393,325,26
12394,115,49
12395,467,50
12396,497,32
12397,276,31
12398,329,7
12399,70,38
12400,108,21
12401,30,1
12402,102,49
12403,385,23
12404,268,30
12405,364,15
12406,472,49
12407,425,3
12408,186,10
12409,144,31
12410,361,24
12411,245,22
12412,125,44
12413,258,19
12414,172,20
12415,177,49
12416,209,4
12417,257,31
12418,361,3
12419,408,23
12420,135,7
12421,143,36
12422,149,16
12423,309,21
12424,316,48
12425,98,30
12426,152,13
12427,187,19
12428,86,11
12429,280,47
12430,121,27
12431,290,17
12432,60,24
12433,377,5
12434,144,19
12435,295,41
12436,352,39
12437,182,42
12438,255,29
12439,498,49
12440,273,47
12441,352,37
12442,282,2
12443,204,45
12444,312,15
12445,204,7
12446,419,1
12447,165,47
12448,254,50
12449,12,13
12450,67,30
12451,56,44
12452,172,45
12453,282,36
12454,303,48
12455,274,3
12456,106,44
12457,395,39
12458,299,8
12459,467,8
12460,74,20
12461,68,7
12462,245,31
12463,405,26
12464,158,11
12465,164,29
12466,323,13
12467,460,28
12468,357,38
12469,457,46
12470,318,21
12471,426,50
12472,453,35
12473,263,31
12474,320,43
12475,475,11
12476,147,50
12477,383,17
12478,443,6
12479,491,20
12480,404,38
12481,491,24
12482,100,17
12483,278,21
12484,399,13
12485,317,24
12486,77,3
12487,10,11
12488,343,48
12489,105,30
12490,377,46
12491,323,4
12492,390,25
12493,186,33
12494,67,39
12495,255,43
12496,198,7
12497,38,16
12498,342,8
12499,16,42
12500,329,4
12501,474,27
12502,201,49
12503,86,45
12504,275,31
12505,104,31
12506,300,46
12507,24,10
12508,314,43
12509,150,16
12510,437,38
12511,162,20
12512,167,31
12513,262,13
12514,146,9
12515,366,25
12516,315,37
12517,380,28
12518,116,35
12519,469,11
12520,145,36
12521,342,49
12522,128,22
12523,12,22
12524,110,3
12525,82,18
12526,288,41
12527,433,1
12528,154,35
12529,280,40
12530,314,19
12531,265,7
12532,396,13
12533,410,19
12534,207,35
12535,106,48
12536,284,14
12537,353,27
12538,291,47
12539,334,21
12540,300,19
12541,189,31
12542,245,20
12543,349,17
12544,477,23
12545,28,37
12546,489,30
12547,367,19
12548,153,1
12549,56,36
12550,246,2
12551,27,47
12552,55,35
12553,245,29
12554,394,49
12555,194,2
12556,268,28
12557,151,47
12558,48,8
12559,108,27
12560,122,49
12561,118,22
12562,428,18
12563,125,29
12564,232,35
12565,256,4
12566,165,16
12567,162,4
12568,194,24
12569,11,34
12570,276,26
12571,19,9
12572,117,15
12573,379,18
12574,281,37
12575,179,35
12576,294,17
12577,23,27
12578,14,43
12579,58,23
12580,261,41
12581,87,14
12582,161,49
12583,67,13
12584,183,40
12585,300,36
12586,151,29
12587,374,17
12588,427,15
12589,416,12
12590,28,1
12591,76,36
12592,346,27
12593,390,8
12594,42,45
12595,343,43
12596,287,8
12597,11,40
12598,113,34
12599,63,38
12600,16,32
12601,47,46
12602,446,40
12603,282,37
12604,129,31
12605,450,29
12606,499,43
12607,102,40
12608,185,37
12609,376,12
12610,292,16
12611,36,12
12612,331,14
12613,453,28
12614,14,29
12615,415,47
12616,367,25
12617,52,40
12618,47,37
12619,326,18
12620,56,7
12621,457,44
12622,411,19
12623,348,49
12624,470,22
12625,342,3
12626,477,6
12627,419,35
12628,244,32
12629,302,10
12630,127,12
12631,156,4
12632,483,2
12633,115,24
12634,256,34
12635,346,40
12636,272,27
12637,62,11
12638,195,46
12639,398,7
12640,192,2
12641,435,42
12642,475,38
12643,214,30
12644,255,1
12645,392,13
12646,445,4
12647,332,9
12648,382,41
12649,183,45
12650,94,23
12651,356,12
12652,128,23
12653,11,23
12654,330,48
12655,50,1
12656,350,8
12657,327,35
12658,442,21
12659,348,36
12660,117,33
12661,198,4
12662,30,46
12663,51,18
12664,81,34
12665,140,18
12666,137,16
12667,292,17
12668,73,31
12669,375,15
12670,269,28
12671,32,3
12672,162,7
12673,104,4
12674,274,18
12675,12,43
12676,271,19
12677,256,26
12678,374,44
12679,162,46
12680,420,40
12681,67,32
12682,363,40
12683,343,46
12684,239,36
12685,50,24
12686,459,40
12687,59,32
12688,57,14
12689,16,50
12690,480,6
12691,317,50
12692,134,46
12693,295,43
12694,419,36
12695,378,31
12696,401,18
12697,193,30
12698,268,20
12699,233,1
12700,97,17
12701,44,4
12702,119,42
12703,245,42
12704,313,32
12705,22,45
12706,220,47
12707,319,32
12708,270,15
12709,200,24
12710,164,24
12711,84,27
12712,161,48
12713,492,31
12714,370,31
12715,255,2
12716,322,49
12717,46,46
12718,455,31
12719,449,34
12720,385,1
12721,193,50
12722,321,48
12723,106,29
12724,267,22
12725,355,28
12726,106,37
12727,222,3
12728,70,24
12729,337,32
12730,88,20
12731,147,37
12732,352,30
12733,434,46
12734,225,24
12735,300,25
12736,91,35
12737,192,14
12738,363,34
12739,230,7
12740,12,1
12741,76,25
12742,436,4
12743,114,31
12744,397,26
12745,293,37
12746,189,31
12747,160,37
12748,16,8
12749,154,7
12750,321,29
12751,21,34
12752,125,27
12753,210,16
12754,247,39
12755,444,44
12756,247,36
12757,331,5
12758,44,50
12759,409,28
12760,126,44
12761,29,28
12762,55,11
12763,297,19
12764,150,11
12765,412,33
12766,441,25
12767,358,18
12768,395,11
12769,250,47
12770,28,47
12771,332,15
12772,98,20
12773,326,43
12774,357,14
12775,431,37
12776,45,38
12777,316,3
12778,222,50
12779,380,22
12780,12,45
12781,75,37
12782,434,42
12783,277,43
12784,240,27
12785,78,30
12786,481,26
12787,290,35
12788,214,10
12789,452,21
12790,20,18
12791,231,8
12792,54,19
12793,272,47
12794,158,5
12795,142,27
12796,469,1
12797,273,7
12798,71,23
12799,269,15
12800,411,13
12801,263,6
12802,438,9
12803,477,22
12804,414,30
12805,245,25
12806,124,37
12807,265,15
12808,351,38
12809,193,25
12810,356,31
12811,461,41
12812,344,44
12813,176,7
12814,242,14
12815,150,39
12816,254,19
12817,156,6
12818,179,44
12819,11,31
12820,230,27
12821,89,43
12822,423,6
12823,450,45
12824,435,17
12825,451,49
12826,144,30
12827,372,8
12828,407,39
12829,289,9
12830,265,43
12831,420,49
12832,169,50
12833,11,28
12834,335,15
12835,460,17
12836,43,19
12837,342,4
12838,466,20
12839,495,26
12840,186,7
12841,12,42
12842,307,27
12843,490,2
12844,494,28
12845,148,37
12846,131,15
12847,426,29
12848,87,35
12849,66,18
12850,424,29
12851,446,25
12852,425,40
12853,31,36
12854,268,24
12855,170,14
12856,453,33
12857,462,4
12858,223,38
12859,343,41
12860,438,17
12861,225,15
12862,213,3
12863,486,37
12864,90,22
12865,411,10
12866,27,26
12867,298,49
12868,345,29
12869,234,49
12870,494,43
12871,479,19
12872,325,2
12873,348,32
12874,42,47
12875,431,41
12876,320,41
12877,332,8
12878,314,40
12879,42,5
12880,74,42
12881,194,24
12882,448,33
12883,71,3
12884,283,19
12885,200,11
12886,407,18
12887,226,27
12888,239,41
12889,292,26
12890,386,7
12891,179,7
12892,234,29
12893,76,35
12894,348,26
12895,414,23
12896,13,38
12897,216,42
12898,183,3
12899,477,21
12900,466,7
12901,180,39
12902,323,3
12903,403,36
12904,467,43
12905,25,24
12906,151,14
12907,117,20
12908,498,2
12909,235,50
12910,306,8
12911,166,10
12912,116,20
12913,170,21
12914,52,40
12915,319,29
12916,411,33
12917,308,31
12918,287,50
12919,188,47
12920,281,25
12921,431,41
12922,376,40
12923,183,5
12924,97,25
12925,29,30
12926,341,14
12927,221,12
12928,137,16
12929,241,10
12930,374,33
12931,301,20
12932,317,10
12933,289,47
12934,447,12
12935,82,41
12936,320,20
12937,168,27
12938,452,39
12939,168,8
12940,381,9
12941,83,15
12942,350,16
12943,313,26
12944,422,9
12945,171,29
12946,244,2
12947,306,28
12948,238,47
12949,229,13
12950,215,44
12951,399,46
12952,155,23
12953,99,15
12954,257,25
12955,148,35
12956,73,12
12957,451,3
12958,86,4
12959,173,38
12960,280,16
12961,18,8
12962,410,26
12963,220,45
12964,213,6
12965,452,13
12966,272,30
12967,38,29
12968,73,41
12969,114,44
12970,188,22
12971,298,16
12972,130,9
12973,449,46
12974,321,20
12975,78,49
12976,350,26
12977,460,9
12978,184,14
12979,311,44
12980,472,29
12981,455,1
12982,165,12
12983,140,1
12984,481,50
12985,46,22
12986,75,49
12987,351,5
12988,262,12
12989,317,23
12990,327,38
12991,111,43
12992,459,50
12993,230,6
12994,208,25
12995,40,15
12996,91,2
12997,205,48
12998,434,8
12999,471,12
13000,380,19
13001,50,9
13002,245,11
13003,91,15
13004,276,9
13005,117,19
13006,381,22
13007,343,24
13008,300,31
13009,231,9
13010,130,41
13011,397,24
13012,310,2
13013,395,49
13014,234,35
13015,197,22
13016,438,37
13017,220,4
13018,247,10
13019,422,24
13020,304,12
13021,142,31
13022,455,5
13023,275,41
13024,170,8
13025,233,37
13026,339,45
13027,253,12
13028,193,8
13029,318,12
13030,275,11
13031,272,22
13032,258,39
13033,60,30
13034,425,6
13035,443,13
13036,330,47
13037,387,23
13038,266,11
13039,46,46
13040,299,8
13041,53,38
13042,356,26
13043,393,30
13044,156,18
13045,157,30
13046,343,20
13047,467,36
13048,285,21
13049,487,7
13050,329,3
13051,192,30
13052,52,21
13053,62,49
13054,482,13
13055,101,20
13056,409,8
13057,273,30
13058,285,33
13059,138,2
13060,421,46
13061,454,23
13062,171,48
13063,334,45
13064,126,24
13065,168,22
13066,301,32
13067,22,14
13068,163,45
13069,427,3
13070,35,24
13071,436,49
13072,406,14
13073,413,2
13074,293,5
13075,383,27
13076,90,6
13077,366,27
13078,366,3
13079,207,26
13080,261,38
13081,168,45
13082,136,19
13083,451,26
13084,218,42
13085,377,19
13086,423,5
13087,168,6
13088,213,17
13089,368,9
13090,158,42
13091,449,48
13092,71,34
13093,470,4
13094,447,47
13095,278,21
13096,103,34
13097,372,37
13098,339,35
13099,300,45
13100,400,41
13101,361,6
13102,180,41
13103,338,13
13104,340,49
13105,150,1
13106,138,11
13107,115,4
13108,259,17
13109,106,32
13110,393,39
13111,414,17
13112,240,27
13113,250,34
13114,199,17
13115,457,26
13116,167,13
13117,38,8
13118,156,3
13119,193,18
13120,17,21
13121,85,4
13122,91,48
13123,235,28
13124,297,5
13125,54,49
13126,323,17
13127,219,13
13128,211,41
13129,144,1
13130,261,18
13131,224,24
13132,466,3
13133,270,40
13134,382,36
13135,164,22
13136,306,3
13137,434,40
13138,423,23
13139,127,34
13140,264,7
13141,320,37
13142,407,25
13143,124,39
13144,73,12
13145,235,40
13146,228,44
13147,464,8
13148,442,22
13149,360,23
13150,137,40
13151,208,43
13152,381,6
13153,434,33
13154,26,16
13155,359,3
13156,496,37
13157,416,17
13158,40,42
13159,166,5
13160,438,29
13161,292,34
13162,127,35
13163,487,43
13164,79,40
13165,174,35
13166,257,15
13167,424,41
13168,69,9
13169,428,35
13170,233,27
13171,131,36
13172,453,4
13173,435,43
13174,358,25
13175,257,35
13176,378,18
13177,163,7
13178,440,10
13179,286,39
13180,396,40
13181,290,33
13182,316,19
13183,391,6
13184,457,41
13185,154,28
13186,256,50
13187,140,3
13188,265,33
13189,302,26
13190,184,28
13191,331,25
13192,348,12
13193,464,31
13194,415,23
13195,153,28
13196,391,38
13197,101,18
13198,498,43
13199,204,35
13200,374,25
13201,452,50
13202,49,46
13203,79,21
13204,184,9
13205,348,20
13206,344,15
13207,198,31
13208,260,43
13209,430,47
13210,268,28
13211,456,11
13212,45,12
13213,331,17
13214,224,40
13215,263,20
13216,206,1
13217,309,1
13218,424,32
13219,129,4
13220,250,9
13221,367,50
13222,38,42
13223,500,2
13224,211,12
13225,414,39
13226,403,19
13227,104,6
13228,418,6
13229,289,29
13230,155,44
13231,142,22
13232,395,10
13233,129,30
13234,487,16
13235,212,49
13236,478,20
13237,418,27
13238,189,46
13239,71,34
13240,362,18
13241,223,22
13242,52,50
13243,497,49
13244,309,16
13245,127,41
13246,106,29
13247,439,17
13248,299,11
13249,216,21
13250,472,40
13251,350,19
13252,359,18
13253,353,27
13254,453,41
13255,489,42
13256,236,19
13257,322,50
13258,40,40
13259,226,19
13260,178,7
13261,236,28
13262,417,49
13263,102,38
13264,18,42
13265,227,28
13266,101,8
13267,237,25
13268,365,14
13269,395,39
13270,493,8
13271,379,28
13272,201,40
13273,378,49
13274,11,30
13275,484,35
13276,27,33
13277,43,36
13278,88,39
13279,136,4
13280,96,37
13281,332,47
13282,465,26
13283,307,4
13284,371,16
13285,482,40
13286,160,26
13287,472,46
13288,17,35
13289,218,1
13290,275,46
13291,141,9
13292,136,1
13293,74,18
13294,167,14
13295,334,15
13296,196,30
13297,426,24
13298,118,17
13299,187,50
13300,207,2
13301,484,27
13302,232,7
13303,269,5
13304,228,42
13305,342,25
13306,405,22
13307,343,41
13308,487,21
13309,289,11
13310,408,11
13311,190,10
13312,405,40
13313,469,43
13314,495,23
13315,316,20
13316,219,12
13317,378,6
13318,305,33
13319,287,11
13320,167,42
13321,340,42
13322,271,41
13323,286,27
13324,432,17
13325,345,40
13326,196,15
13327,303,7
13328,52,43
13329,403,17
13330,209,31
13331,459,25
13332,226,27
13333,426,32
13334,383,2
13335,220,16
13336,250,14
13337,416,17
13338,363,6
13339,218,6
13340,57,17
13341,235,29
13342,451,21
13343,39,2
13344,169,50
13345,334,39
13346,13,31
13347,167,25
13348,108,36
13349,337,48
13350,30,47
13351,322,25
13352,365,5
13353,370,38
13354,426,21
13355,203,49
13356,220,41
13357,142,21
13358,72,7
13359,129,17
13360,247,16
13361,163,31
13362,382,10
13363,38,30
13364,490,49
13365,247,42
13366,52,4
13367,289,2
13368,113,31
13369,17,4
13370,396,43
13371,498,4
13372,362,29
13373,304,15
13374,190,6
13375,150,12
13376,481,31
13377,346,3
13378,57,26
13379,316,39
13380,251,6
13381,405,35
13382,355,50
13383,312,11
13384,187,23
13385,384,42
13386,394,6
13387,64,16
13388,355,32
13389,243,11
13390,16,27
13391,430,34
13392,462,48
13393,255,4
13394,33,42
13395,478,10
13396,221,30
13397,186,1
13398,77,46
13399,470,35
13400,381,26
13401,208,29
13402,45,26
13403,232,7
13404,287,43
13405,218,2
13406,249,46
13407,200,44
13408,343,38
13409,367,2
13410,290,43
13411,403,3
13412,291,26
13413,221,17
13414,360,8
13415,500,28
13416,38,22
13417,64,28
13418,156,2
13419,284,18
13420,342,17
13421,277,50
13422,385,40
13423,306,14
13424,361,15
13425,333,16
13426,141,34
13427,69,38
13428,474,46
13429,238,22
13430,152,28
13431,283,2
13432,297,31
13433,479,8
13434,231,18
13435,146,6
13436,309,44
13437,269,38
13438,18,5
13439,458,50
13440,447,45
13441,107,45
13442,420,5
13443,428,41
13444,56,46
13445,262,35
13446,384,19
13447,346,46
13448,38,36
13449,274,42
13450,261,50
13451,147,8
13452,127,43
13453,401,19
13454,164,33
13455,338,11
13456,260,27
13457,32,11
13458,205,17
13459,51,16
13460,175,49
13461,281,8
13462,302,44
13463,93,19
13464,373,12
13465,220,28
13466,259,9
13467,70,2
13468,152,38
13469,431,35
13470,415,40
13471,58,3
13472,156,25
13473,216,23
13474,370,23
13475,30,13
13476,37,42
13477,192,46
13478,271,21
13479,332,12
13480,376,4
13481,77,16
13482,284,39
13483,375,8
13484,248,29
13485,336,42
13486,51,30
13487,350,32
13488,170,40
13489,122,43
13490,196,24
13491,461,23
13492,226,5
13493,271,44
13494,328,49
13495,360,19
13496,129,34
13497,139,20
13498,272,22
13499,243,14
13500,322,18
13501,215,27
13502,489,12
13503,113,27
13504,392,48
13505,23,38
13506,360,10
13507,117,7
13508,273,7
13509,78,45
13510,247,10
13511,181,31
13512,54,1
13513,214,9
13514,401,36
13515,21,46
13516,472,29
13517,78,25
13518,293,34
13519,78,10
13520,277,39
13521,483,21
13522,478,11
13523,30,46
13524,175,50
13525,451,42
13526,89,39
13527,257,26
13528,375,8
13529,189,43
13530,436,50
13531,303,11
13532,242,42
13533,342,1
13534,122,18
13535,191,10
13536,181,5
13537,188,16
13538,449,36
13539,265,12
13540,213,9
13541,344,13
13542,19,28
13543,379,30
13544,427,18
13545,265,19
13546,356,46
13547,40,44
13548,274,38
13549,341,25
13550,406,3
13551,402,48
13552,221,27
13553,447,5
13554,246,8
13555,255,19
13556,120,46
13557,55,19
13558,205,31
13559,79,29
13560,136,10
13561,35,43
13562,320,36
13563,272,7
13564,26,35
13565,127,1
13566,393,46
13567,258,19
13568,97,32
13569,78,25
13570,298,35
13571,288,7
13572,289,20
13573,451,14
13574,420,12
13575,171,4
13576,259,26
13577,187,17
13578,327,19
13579,125,24
13580,116,6
13581,220,25
13582,480,29
13583,334,23
13584,92,23
13585,46,1
13586,383,32
13587,112,11
13588,434,31
13589,146,45
13590,185,5
13591,110,18
13592,118,41
13593,175,21
13594,274,30
13595,13,4
13596,285,44
13597,462,15
13598,45,14
13599,144,44
13600,332,28
13601,164,48
13602,50,1
13603,184,32
13604,392,36
13605,383,31
13606,369,42
13607,224,44
13608,390,11
13609,454,46
13610,481,5
13611,465,48
13612,492,33
13613,246,14
13614,479,8
13615,22,48
13616,444,40
13617,90,5
13618,32,21
13619,258,43
13620,83,21
13621,260,9
13622,30,33
13623,56,5
13624,430,34
13625,264,39
13626,168,29
13627,108,19
13628,472,31
13629,22,10
13630,431,34
13631,211,16
13632,431,10
13633,344,27
13634,259,38
13635,419,46
13636,187,50
13637,398,17
13638,349,32
13639,143,22
13640,35,28
13641,82,15
13642,412,23
13643,50,29
13644,364,19
13645,66,48
13646,265,19
13647,201,17
13648,18,45
13649,233,45
13650,305,40
13651,290,12
13652,247,36
13653,444,41
13654,218,23
13655,238,44
13656,334,26
13657,490,1
13658,290,31
13659,320,4
13660,222,41
13661,152,20
13662,203,3
13663,84,30
13664,216,50
13665,433,37
13666,26,29
13667,42,35
13668,277,43
13669,260,46
13670,137,46
13671,262,42
13672,476,37
13673,265,8
13674,260,47
13675,410,42
13676,168,8
13677,63,41
13678,482,49
13679,359,26
13680,22,19
13681,263,19
13682,206,6
13683,426,27
13684,133,13
13685,340,6
13686,455,45
13687,421,14
13688,107,19
13689,312,9
13690,477,35
13691,301,11
13692,232,49
13693,106,49
13694,410,20
13695,46,14
13696,18,6
13697,35,7
13698,136,21
13699,306,6
13700,278,21
13701,460,35
13702,486,33
13703,327,5
13704,142,35
13705,377,10
13706,248,17
13707,80,24
13708,223,2
13709,460,31
13710,213,45
13711,291,27
13712,57,30
13713,121,4
13714,21,25
13715,352,7
13716,455,18
13717,165,18
13718,382,39
13719,216,20
13720,325,17
13721,293,15
13722,18,13
13723,280,13
13724,345,18
13725,355,38
13726,107,37
13727,444,9
13728,455,45
13729,481,11
13730,37,35
13731,219,45
13732,233,28
13733,443,29
13734,298,16
13735,36,4
13736,345,38
13737,413,32
13738,291,38
13739,292,44
13740,288,5
13741,161,7
13742,408,8
13743,424,21
13744,338,29
13745,349,39
13746,350,30
13747,147,34
13748,439,41
13749,380,17
13750,280,25
13751,354,12
13752,61,10
13753,420,9
13754,120,35
13755,365,32
13756,388,47
13757,370,30
13758,231,46
13759,379,30
13760,92,49
13761,411,19
13762,23,31
13763,124,9
13764,349,43
13765,267,32
13766,80,18
13767,253,28
13768,211,17
13769,205,39
13770,17,42
13771,76,33
13772,156,4
13773,161,8
13774,486,22
13775,400,48
13776,355,41
13777,422,19
13778,113,22
13779,317,10
13780,144,49
13781,219,18
13782,26,45
13783,261,50
13784,261,38
13785,163,22
13786,128,13
13787,183,4
13788,210,49
13789,268,21
13790,13,48
13791,224,22
13792,29,21
13793,82,18
13794,159,2
13795,330,13
13796,32,25
13797,157,13
13798,433,14
13799,124,23
13800,436,4
13801,196,42
13802,65,13
13803,180,14
13804,218,36
13805,115,26
13806,221,6
13807,304,26
13808,362,24
13809,355,23
13810,208,16
13811,192,39
13812,64,12
13813,26,47
13814,322,49
13815,89,10
13816,424,44
13817,386,43
13818,80,10
13819,18,46
13820,184,29
13821,220,1
13822,456,23
13823,224,31
13824,485,24
13825,498,11
13826,173,6
13827,157,37
13828,295,9
13829,238,35
13830,73,47
13831,111,14
13832,159,23
13833,305,39
13834,361,35
13835,202,14
13836,449,39
13837,381,43
13838,326,39
13839,467,47
13840,213,34
13841,292,10
13842,454,15
13843,304,2
13844,74,47
13845,350,1
13846,214,38
13847,120,8
13848,321,22
13849,480,20
13850,322,50
13851,269,16
13852,10,32
13853,243,27
13854,196,39
13855,286,31
13856,475,30
13857,423,21
13858,345,23
13859,160,3
13860,380,29
13861,209,5
13862,20,9
13863,115,45
13864,344,47
13865,32,44
13866,98,35
13867,410,18
13868,241,43
13869,417,6
13870,108,36
13871,432,32
13872,194,11
13873,475,6
13874,94,35
13875,160,4
13876,16,48
13877,13,33
13878,376,26
13879,276,16
13880,175,17
13881,24,41
13882,468,15
13883,32,32
13884,58,29
13885,246,28
13886,168,48
13887,86,20
13888,419,28
13889,366,14
13890,52,39
13891,28,38
13892,275,28
13893,433,19
13894,351,39
13895,157,33
13896,226,36
13897,130,19
13898,301,6
13899,302,11
13900,231,12
13901,497,50
13902,406,18
13903,452,50
13904,162,35
13905,363,43
13906,465,5
13907,374,19
13908,110,11
13909,392,47
13910,248,4
13911,372,31
13912,418,27
13913,203,42
13914,96,44
13915,166,50
13916,493,10
13917,284,12
13918,154,40
13919,243,43
13920,62,32
13921,134,22
13922,299,22
13923,190,5
13924,190,24
13925,233,7
13926,35,28
13927,150,33
13928,308,1
13929,203,34
13930,108,33
13931,108,45
13932,242,40
13933,54,31
13934,88,35
13935,283,10
13936,357,39
13937,460,43
13938,168,36
13939,376,7
13940,481,7
13941,276,35
13942,134,5
13943,339,42
13944,14,46
13945,282,41
13946,33,34
13947,50,39
13948,74,11
13949,189,13
13950,329,33
13951,195,35
13952,428,20
13953,232,15
13954,325,37
13955,225,9
13956,362,27
13957,494,37
13958,387,9
13959,66,41
13960,184,8
13961,282,9
13962,204,35
13963,239,18
13964,228,5
13965,182,47
13966,415,4
13967,484,38
13968,457,3
13969,19,25
13970,204,5
13971,183,23
13972,28,31
13973,475,15
13974,106,1
13975,424,3
13976,200,49
13977,217,8
13978,312,3
13979,427,47
13980,126,4
13981,296,16
13982,99,22
13983,234,1
13984,59,45
13985,22,1
13986,444,5
13987,321,11
13988,252,39
13989,196,34
13990,252,15
13991,180,7
13992,332,23
13993,333,47
13994,200,41
13995,147,31
13996,254,49
13997,74,23
13998,63,50
13999,387,12
14000,403,46
14001,262,33
14002,132,14
14003,310,43
14004,321,31
14005,219,17
14006,277,7
14007,376,19
14008,176,36
14009,405,50
14010,449,50
14011,35,12
14012,58,45
14013,496,16
14014,405,12
14015,226,42
14016,442,46
14017,17,38
14018,319,13
14019,394,17
14020,373,4
14021,46,39
14022,105,32
14023,179,9
14024,376,15
14025,155,44
14026,370,9
14027,468,29
14028,184,5
14029,166,16
14030,484,45
14031,317,46
14032,426,24
14033,418,44
14034,172,50
14035,136,30
14036,145,42
14037,97,11
14038,164,24
14039,103,23
14040,135,47
14041,264,7
14042,164,44
14043,317,28
14044,437,29
14045,339,2
14046,51,17
14047,407,16
14048,12,18
14049,315,41
14050,82,5
14051,346,24
14052,485,29
14053,55,28
14054,346,12
14055,223,10
14056,257,19
14057,335,36
14058,60,42
14059,458,2
14060,479,34
14061,415,8
14062,475,14
14063,256,20
14064,104,5
14065,291,38
14066,398,18
14067,278,17
14068,426,11
14069,466,22
14070,378,19
14071,179,13
14072,232,13
14073,495,14
14074,126,9
14075,217,40
14076,496,46
14077,61,47
14078,25,49
14079,250,3
14080,343,21
14081,30,34
14082,170,14
14083,241,36
14084,229,7
14085,375,15
14086,114,48
14087,366,13
14088,56,33
14089,222,4
14090,458,9
14091,349,47
14092,361,24
14093,23,19
14094,435,46
14095,126,42
14096,384,11
14097,124,21
14098,80,41
14099,24,19
14100,175,12
14101,67,26
14102,112,26
14103,391,13
14104,76,19
14105,103,49
14106,320,27
14107,232,13
14108,369,45
14109,251,12
14110,92,29
14111,19,24
14112,255,10
14113,123,47
14114,173,28
14115,326,3
14116,163,32
14117,364,16
14118,444,47
14119,315,19
14120,486,40
14121,459,15
14122,439,13
14123,358,31
14124,25,38
14125,70,8
14126,55,32
14127,138,3
14128,216,34
14129,47,7
14130,123,15
14131,187,37
14132,250,36
14133,328,42
14134,287,33
14135,149,3
14136,198,44
14137,209,40
14138,71,28
14139,440,40
14140,470,32
14141,97,45
14142,261,37
14143,286,42
14144,165,43
14145,141,38
14146,313,40
14147,75,40
14148,184,20
14149,480,42
14150,223,22
14151,112,19
14152,163,20
14153,115,12
14154,460,31
14155,300,38
14156,288,6
14157,375,34
14158,281,29
14159,144,10
14160,186,30
14161,165,49
14162,500,35
14163,83,11
14164,362,49
14165,82,43
14166,50,20
14167,236,20
14168,464,49
14169,114,50
14170,491,4
14171,348,11
14172,403,28
14173,194,39
14174,369,22
14175,368,39
14176,26,50
14177,134,3
14178,383,12
14179,183,47
14180,142,33
14181,274,37
14182,99,10
14183,270,23
14184,315,13
14185,39,1
14186,436,12
14187,446,37
14188,422,5
14189,37,49
14190,263,23
14191,299,23
14192,364,26
14193,269,35
14194,368,30
14195,382,33
14196,417,12
14197,269,20
14198,488,37
14199,131,5
14200,83,36
14201,418,14
14202,195,8
14203,241,17
14204,98,23
14205,342,38
14206,32,30
14207,245,19
14208,281,37
14209,76,5
14210,449,50
14211,84,39
14212,408,29
14213,96,21
14214,467,48
14215,66,30
14216,234,15
14217,233,47
14218,334,31
14219,174,21
14220,151,32
14221,72,11
14222,289,22
14223,488,20
14224,458,44
14225,425,49
14226,286,34
14227,360,41
14228,165,36
14229,146,23
14230,481,5
14231,49,13
14232,27,27
14233,108,42
14234,41,5
14235,305,43
14236,454,18
14237,207,30
14238,86,22
14239,301,32
14240,411,32
14241,371,20
14242,382,29
14243,17,20
14244,429,50
14245,439,3
14246,152,31
14247,42,50
14248,293,1
14249,284,45
14250,488,23
14251,90,21
14252,25,14
14253,248,39
14254,83,14
14255,139,19
14256,50,40
14257,405,6
14258,213,46
14259,303,8
14260,190,44
14261,316,14
14262,477,42
14263,246,41
14264,203,45
14265,232,26
14266,388,17
14267,79,10
14268,197,37
14269,246,26
14270,150,2
14271,449,35
14272,238,14
14273,482,45
14274,14,50
14275,412,44
14276,201,9
14277,137,24
14278,76,2
14279,53,45
14280,487,33
14281,384,1
14282,208,2
14283,454,45
14284,189,32
14285,351,20
14286,401,41
14287,154,10
14288,369,32
14289,45,23
14290,114,4
14291,447,33
14292,345,33
14293,359,45
14294,410,48
14295,166,8
14296,376,11
14297,281,5
14298,34,26
14299,239,7
14300,36,19
14301,65,47
14302,320,11
14303,26,6
14304,123,37
14305,39,48
14306,27,1
14307,254,5
14308,416,43
14309,104,44
14310,282,14
14311,437,14
14312,143,40
14313,147,2
14314,435,48
14315,48,40
14316,456,19
14317,309,30
14318,81,40
14319,273,4
14320,499,1
14321,279,19
14322,32,45
14323,165,15
14324,376,33
14325,262,50
14326,472,40
14327,85,22
14328,247,43
14329,260,9
14330,240,40
14331,448,26
14332,26,47
14333,109,46
14334,61,38
14335,402,42
14336,371,28
14337,364,24
14338,299,26
14339,141,18
14340,186,19
14341,113,35
14342,263,28
14343,163,6
14344,107,32
14345,17,40
14346,379,24
14347,117,35
14348,213,29
14349,52,48
14350,33,24
14351,144,38
14352,271,13
14353,52,25
14354,399,46
14355,230,11
14356,175,45
14357,113,19
14358,188,50
14359,343,9
14360,499,25
14361,497,27
14362,44,27
14363,332,37
14364,265,9
14365,106,23
14366,371,9
14367,37,10
14368,343,5
14369,142,5
14370,256,8
14371,485,34
14372,417,17
14373,140,3
14374,463,40
14375,278,14
14376,227,47
14377,54,3
14378,16,34
14379,283,28
14380,215,22
14381,379,46
14382,119,31
14383,154,24
14384,103,37
14385,212,11
14386,242,24
14387,329,49
14388,406,28
14389,417,8
14390,279,4
14391,161,36
14392,87,17
14393,489,42
14394,65,28
14395,436,29
14396,213,2
14397,122,16
14398,199,25
14399,333,24
14400,407,18
14401,195,11
14402,462,32
14403,61,24
14404,41,31
14405,352,24
14406,167,17
14407,173,2
14408,362,26
14409,144,29
14410,261,29
14411,50,24
14412,333,35
14413,30,30
14414,41,31
14415,23,33
14416,328,35
14417,480,36
14418,271,30
14419,58,36
14420,197,48
14421,97,19
14422,189,40
14423,140,30
14424,331,1
14425,198,21
14426,162,49
14427,198,30
14428,407,15
14429,113,22
14430,91,46
14431,377,24
14432,125,4
14433,497,44
14434,103,38
14435,90,40
14436,413,37
14437,116,31
14438,99,31
14439,469,36
14440,388,35
14441,341,25
14442,220,27
14443,53,5
14444,74,15
14445,45,27
14446,444,28
14447,498,16
14448,164,22
14449,267,9
14450,131,26
14451,37,9
14452,235,49
14453,339,28
14454,15,31
14455,370,3
14456,287,13
14457,273,33
14458,288,13
14459,349,48
14460,434,40
14461,323,50
14462,381,16
14463,337,39
14464,241,22
14465,398,39
14466,374,15
14467,256,49
14468,183,41
14469,117,33
14470,279,13
14471,317,3
14472,73,3
14473,424,9
14474,308,5
14475,332,3
14476,186,19
14477,356,30
14478,84,33
14479,173,41
14480,382,1
14481,238,5
14482,448,13
14483,55,27
14484,428,48
14485,89,25
14486,500,45
14487,193,22
14488,485,42
14489,435,49
14490,55,8
14491,375,12
14492,96,31
14493,280,23
14494,320,19
14495,292,13
14496,176,2
14497,422,30
14498,137,47
14499,267,24
14500,291,18
14501,488,44
14502,68,41
14503,58,44
14504,421,2
14505,111,39
14506,145,48
14507,177,19
14508,236,23
14509,455,36
14510,18,37
14511,160,23
14512,471,13
14513,311,35
14514,70,5
14515,113,18
14516,156,41
14517,189,45
14518,77,48
14519,64,16
14520,468,49
14521,236,2
14522,274,28
14523,150,3
14524,461,4
14525,199,4
14526,255,37
14527,206,44
14528,180,31
14529,12,2
14530,323,39
14531,401,17
14532,178,21
14533,163,24
14534,292,5
14535,181,9
14536,277,25
14537,39,42
14538,271,17
14539,406,9
14540,361,44
14541,179,36
14542,215,35
14543,193,16
14544,442,21
14545,490,11
14546,401,37
14547,393,16
14548,476,16
14549,379,2
14550,215,43
14551,359,5
14552,29,26
14553,89,27
14554,193,26
14555,386,10
14556,449,16
14557,313,30
14558,123,44
14559,76,31
14560,231,13
14561,432,42
14562,257,35
14563,218,12
14564,114,37
14565,210,5
14566,401,18
14567,95,37
14568,493,21
14569,137,21
14570,127,10
14571,264,44
14572,477,7
14573,219,11
14574,272,12
14575,210,32
14576,207,1
14577,224,16
14578,252,30
14579,343,42
14580,11,40
14581,496,25
14582,479,28
14583,249,4
14584,202,46
14585,215,21
14586,356,8
14587,481,24
14588,370,18
14589,429,27
14590,174,7
14591,438,4
14592,206,18
14593,318,49
14594,171,1
14595,428,1
14596,164,32
14597,436,17
14598,283,35
14599,371,2
14600,225,8
14601,142,6
14602,232,42
14603,339,18
14604,190,38
14605,86,35
14606,253,37
14607,151,5
14608,77,39
14609,451,19
14610,424,2
14611,375,30
14612,47,41
14613,283,39
14614,401,44
14615,405,21
14616,40,43
14617,134,12
14618,257,45
14619,379,18
14620,495,16
14621,159,34
14622,46,5
14623,18,36
14624,202,43
14625,228,45
14626,437,2
14627,327,2
14628,268,31
14629,196,21
14630,442,34
14631,400,41
14632,181,18
14633,377,1
14634,120,17
14635,131,1
14636,263,49
14637,314,13
14638,65,50
14639,152,40
14640,123,3
14641,111,46
14642,249,26
14643,164,40
14644,272,47
14645,136,18
14646,160,29
14647,274,18
14648,207,35
14649,65,36
14650,135,49
14651,250,32
14652,177,46
14653,170,36
14654,319,16
14655,158,9
14656,185,23
14657,370,48
14658,468,43
14659,10,47
14660,305,41
14661,280,35
14662,404,16
14663,494,24
14664,318,2
14665,281,3
14666,428,13
14667,275,16
14668,370,18
14669,374,34
14670,261,21
14671,202,13
14672,253,13
14673,286,7
14674,72,35
14675,83,25
14676,184,6
14677,134,7
14678,314,19
14679,128,42
14680,284,24
14681,460,42
14682,451,36
14683,434,1
14684,199,22
14685,267,40
14686,321,21
14687,415,13
14688,267,2
14689,460,7
14690,341,1
14691,321,3
14692,129,34
14693,323,25
14694,50,24
14695,275,38
14696,155,46
14697,408,20
14698,28,16
14699,251,41
14700,258,31
14701,104,41
14702,334,38
14703,180,19
14704,175,31
14705,436,40
14706,441,49
14707,431,2
14708,222,46
14709,111,16
14710,317,13
14711,288,21
14712,429,11
14713,72,28
14714,426,9
14715,408,14
14716,369,20
14717,453,15
14718,85,39
14719,164,44
14720,70,9
14721,229,31
14722,492,29
14723,168,22
14724,197,16
14725,82,21
14726,446,24
14727,205,22
14728,290,5
14729,21,32
14730,113,16
14731,145,44
14732,464,18
14733,484,39
14734,180,6
14735,373,11
14736,422,48
14737,373,6
14738,152,46
14739,87,25
14740,420,16
14741,349,31
14742,231,48
14743,489,30
14744,382,20
14745,252,34
14746,247,11
14747,373,14
14748,323,49
14749,488,39
14750,444,6
14751,58,36
14752,141,2
14753,154,30
14754,244,44
14755,379,20
14756,128,32
14757,178,2
14758,265,15
14759,86,42
14760,132,39
14761,178,28
14762,38,41
14763,402,20
14764,251,49
14765,302,31
14766,479,2
14767,230,35
14768,199,32
14769,285,45
14770,50,37
14771,427,7
14772,278,38
14773,257,27
14774,344,30
14775,110,47
14776,320,33
14777,133,49
14778,148,4
14779,371,36
14780,26,24
14781,288,8
14782,475,3
14783,232,38
14784,410,19
14785,213,16
14786,343,14
14787,135,45
14788,284,15
14789,410,16
14790,98,5
14791,276,31
14792,248,23
14793,287,24
14794,49,14
14795,11,6
14796,207,34
14797,420,44
14798,10,23
14799,148,11
14800,15,42
14801,388,48
14802,316,10
14803,135,44
14804,499,7
14805,159,4
14806,203,48
14807,106,19
14808,97,34
14809,443,48
14810,386,38
14811,307,22
14812,101,17
14813,441,32
14814,197,35
14815,189,18
14816,117,43
14817,283,3
14818,166,19
14819,341,33
14820,78,38
14821,216,36
14822,350,49
14823,114,25
14824,237,14
14825,398,22
14826,226,22
14827,199,45
14828,480,3
14829,287,28
14830,255,4
14831,408,44
14832,288,30
14833,494,39
14834,410,39
14835,294,29
14836,451,5
14837,415,36
14838,225,2
14839,25,2
14840,67,20
14841,302,28
14842,172,19
14843,43,47
14844,147,15
14845,460,33
14846,400,44
14847,163,14
14848,18,17
14849,455,8
14850,431,29
14851,444,11
14852,451,21
14853,339,6
14854,75,50
14855,227,2
14856,31,23
14857,435,15
14858,191,44
14859,59,34
14860,368,45
14861,161,13
14862,210,4
14863,285,38
14864,142,36
14865,401,1
14866,219,40
14867,433,35
14868,161,44
14869,221,27
14870,167,46
14871,404,16
14872,400,48
14873,256,45
14874,421,29
14875,393,50
14876,127,3
14877,427,16
14878,44,36
14879,322,6
14880,245,46
14881,424,26
14882,219,27
14883,115,22
14884,202,8
14885,279,45
14886,87,42
14887,466,27
14888,84,25
14889,372,25
14890,437,8
14891,287,45
14892,17,30
14893,14,21
14894,180,6
14895,462,38
14896,319,32
14897,429,9
14898,415,43
14899,195,4
14900,394,7
14901,36,6
14902,193,29
14903,218,5
14904,270,32
14905,15,35
14906,209,19
14907,429,44
14908,79,37
14909,354,8
14910,245,37
14911,328,23
14912,235,42
14913,70,17
14914,11,32
14915,132,2
14916,123,50
14917,269,7
14918,278,44
14919,440,48
14920,354,12
14921,237,47
14922,83,9
14923,375,29
14924,330,33
14925,493,1
14926,325,15
14927,296,45
14928,383,27
14929,131,39
14930,326,13
14931,391,4
14932,347,15
14933,401,19
14934,387,10
14935,53,25
14936,135,28
14937,94,1
14938,279,22
14939,100,3
14940,430,36
14941,72,19
14942,234,35
14943,330,27
14944,200,34
14945,112,37
14946,148,39
14947,305,39
14948,254,39
14949,104,5
14950,426,26
14951,424,48
14952,485,16
14953,362,25
14954,228,29
14955,212,38
14956,460,12
14957,281,47
14958,180,12
14959,393,27
14960,177,10
14961,65,7
14962,142,33
14963,75,48
14964,453,24
14965,458,48
14966,401,25
14967,405,47
14968,375,21
14969,225,2
14970,237,45
14971,204,29
14972,240,10
14973,466,3
14974,216,20
14975,127,21
14976,15,48
14977,35,17
14978,214,37
14979,56,49
14980,350,16
14981,420,9
14982,233,49
14983,222,14
14984,377,30
14985,41,9
14986,497,20
14987,172,17
14988,22,9
14989,456,44
14990,258,46
14991,498,29
14992,93,15
14993,178,22
14994,113,8
14995,313,13
14996,153,24
14997,109,24
14998,209,39
14999,180,38
