custid,spend_1m,visit_6m,items_6m
10001,452,30,300
10002,117,17,119
10003,394,6,36
10004,251,2,12
10005,343,34,204
10006,277,35,210
10007,489,29,145
10008,45,46,368
10009,332,31,217
10010,374,10,100
10011,240,22,176
10012,83,1,7
10013,68,6,36
10014,73,39,312
10015,355,23,207
10016,103,12,60
10017,449,46,368
10018,374,44,220
10019,451,39,234
10020,109,33,264
10021,57,9,90
10022,190,36,180
10023,494,3,30
10024,202,36,324
10025,312,2,16
10026,178,41,410
10027,139,15,75
10028,391,3,21
10029,88,46,322
10030,402,39,351
10031,210,23,207
10032,451,4,28
10033,144,5,35
10034,423,6,30
10035,108,38,342
10036,174,9,90
10037,65,23,230
10038,98,1,8
10039,476,4,36
10040,171,5,45
10041,212,33,231
10042,426,34,170
10043,319,37,333
10044,439,34,170
10045,448,14,70
10046,22,29,232
10047,422,9,63
10048,337,30,210
10049,230,9,72
10050,90,28,196
10051,462,36,252
10052,292,14,70
10053,493,5,25
10054,12,9,90
10055,171,6,42
10056,429,43,215
10057,214,26,182
10058,334,47,470
10059,106,18,180
10060,354,46,414
10061,445,37,259
10062,213,44,220
10063,413,2,12
10064,116,33,330
10065,192,2,12
10066,53,13,91
10067,279,36,324
10068,430,43,344
10069,150,36,252
10070,476,5,30
10071,379,46,276
10072,389,18,180
10073,457,4,20
10074,475,33,165
10075,24,6,60
10076,231,38,190
10077,451,40,280
10078,10,4,24
10079,381,13,117
10080,454,17,119
10081,65,36,216
10082,61,47,470
10083,117,15,135
10084,152,50,400
10085,356,36,216
10086,114,6,60
10087,87,42,420
10088,149,7,70
10089,208,1,5
10090,105,41,410
10091,10,21,189
10092,31,47,329
10093,317,7,56
10094,158,11,66
10095,14,36,252
10096,449,1,8
10097,468,40,280
10098,56,49,294
10099,301,49,490
10100,122,23,184
10101,188,39,273
10102,75,14,112
10103,151,19,133
10104,194,41,328
10105,72,6,42
10106,88,20,180
10107,374,26,260
10108,473,31,279
10109,21,20,200
10110,296,14,84
10111,402,34,238
10112,448,14,98
10113,258,12,120
10114,39,49,441
10115,317,1,9
10116,302,39,351
10117,277,49,392
10118,352,44,396
10119,16,9,90
10120,489,33,165
10121,61,43,430
10122,209,32,320
10123,293,15,105
10124,432,29,290
10125,34,13,117
10126,151,18,90
10127,39,37,333
10128,45,20,120
10129,110,10,70
10130,480,1,7
10131,32,19,114
10132,122,11,99
10133,334,7,49
10134,397,18,162
10135,273,43,301
10136,435,44,396
10137,273,9,45
10138,315,42,210
10139,94,41,205
10140,59,27,243
10141,402,3,18
10142,163,10,80
10143,153,42,294
10144,263,10,80
10145,305,9,72
10146,222,19,133
10147,182,39,234
10148,12,4,40
10149,315,7,35
10150,66,32,224
10151,316,3,21
10152,414,14,98
10153,203,16,96
10154,486,17,136
10155,294,20,180
10156,408,15,90
10157,312,15,135
10158,224,48,480
10159,238,39,273
10160,44,18,126
10161,316,21,105
10162,197,34,204
10163,449,24,120
10164,214,35,315
10165,499,48,432
10166,163,13,104
10167,385,8,72
10168,93,12,72
10169,456,41,369
10170,475,37,222
10171,39,22,198
10172,312,36,180
10173,167,2,12
10174,254,38,266
10175,237,12,72
10176,351,21,105
10177,45,4,28
10178,211,19,190
10179,330,35,245
10180,335,45,405
10181,372,31,186
10182,324,43,301
10183,232,16,160
10184,315,11,66
10185,375,23,138
10186,293,26,182
10187,62,39,390
10188,269,28,168
10189,97,24,192
10190,480,20,200
10191,94,8,80
10192,168,30,300
10193,439,40,320
10194,434,13,130
10195,486,8,56
10196,486,7,42
10197,258,10,70
10198,362,17,153
10199,167,21,147
10200,340,32,224
10201,211,20,160
10202,338,43,344
10203,460,13,78
10204,307,9,54
10205,309,49,441
10206,234,49,294
10207,222,48,480
10208,306,30,300
10209,107,32,192
10210,193,6,30
10211,478,32,160
10212,378,33,264
10213,315,39,234
10214,161,14,70
10215,484,11,55
10216,155,38,304
10217,76,8,72
10218,499,38,190
10219,332,6,30
10220,291,4,40
10221,325,21,168
10222,158,8,72
10223,100,17,85
10224,149,33,297
10225,358,27,243
10226,408,27,189
10227,481,5,40
10228,226,25,225
10229,152,11,110
10230,449,48,336
10231,335,2,18
10232,369,5,25
10233,87,20,200
10234,190,19,152
10235,64,21,168
10236,354,10,90
10237,315,25,225
10238,234,39,390
10239,200,7,49
10240,31,40,280
10241,349,25,150
10242,211,16,80
10243,212,40,320
10244,492,50,300
10245,232,49,392
10246,175,50,400
10247,254,2,10
10248,418,26,182
10249,59,25,225
10250,91,20,100
10251,278,4,28
10252,88,27,189
10253,376,39,351
10254,175,7,63
10255,309,38,228
10256,305,45,270
10257,302,48,336
10258,426,12,120
10259,262,44,352
10260,385,4,36
10261,321,22,176
10262,133,50,400
10263,323,46,276
10264,196,24,120
10265,170,39,195
10266,392,18,126
10267,187,49,392
10268,89,38,190
10269,468,25,200
10270,475,31,155
10271,361,39,273
10272,456,32,256
10273,457,13,91
10274,93,50,450
10275,147,37,370
10276,171,25,175
10277,484,28,196
10278,189,25,175
10279,94,34,204
10280,326,7,35
10281,292,7,35
10282,332,45,360
10283,130,44,440
10284,101,37,370
10285,436,14,126
10286,387,4,32
10287,285,46,230
10288,463,30,210
10289,65,43,301
10290,448,48,384
10291,469,11,88
10292,173,10,90
10293,20,33,330
10294,427,8,56
10295,440,39,312
10296,320,36,288
10297,19,26,208
10298,332,6,48
10299,68,41,246
10300,397,17,85
10301,341,21,210
10302,467,42,210
10303,31,22,110
10304,135,2,14
10305,171,18,126
10306,318,21,147
10307,476,12,84
10308,171,43,301
10309,345,42,336
10310,368,12,120
10311,149,21,105
10312,293,24,120
10313,330,5,30
10314,78,29,261
10315,433,33,297
10316,210,45,360
10317,492,47,282
10318,25,12,60
10319,117,50,350
10320,226,13,65
10321,84,30,180
10322,34,38,304
10323,306,20,160
10324,307,45,450
10325,100,13,78
10326,443,21,168
10327,479,47,282
10328,85,24,216
10329,493,31,310
10330,328,23,115
10331,34,31,155
10332,248,14,84
10333,171,30,300
10334,439,7,42
10335,421,33,231
10336,452,6,36
10337,388,36,180
10338,80,27,270
10339,38,21,105
10340,496,18,144
10341,293,7,63
10342,223,1,5
10343,190,21,210
10344,273,12,96
10345,476,21,168
10346,238,32,160
10347,447,27,162
10348,311,43,215
10349,447,24,120
10350,354,3,15
10351,123,31,155
10352,59,18,144
10353,102,24,120
10354,24,13,65
10355,478,11,110
10356,165,30,270
10357,324,32,320
10358,399,35,245
10359,76,48,480
10360,100,39,351
10361,136,21,189
10362,386,22,198
10363,334,49,392
10364,196,14,126
10365,58,31,248
10366,289,20,100
10367,29,50,500
10368,39,13,104
10369,379,43,301
10370,284,8,64
10371,237,28,196
10372,155,7,70
10373,390,28,224
10374,131,25,200
10375,85,7,70
10376,125,36,180
10377,115,50,500
10378,289,20,200
10379,383,25,125
10380,70,15,75
10381,454,22,110
10382,212,13,117
10383,386,16,80
10384,264,36,288
10385,139,17,102
10386,431,44,308
10387,370,1,9
10388,448,7,42
10389,19,35,245
10390,479,28,280
10391,378,13,104
10392,88,15,75
10393,55,3,24
10394,52,15,90
10395,260,20,200
10396,364,39,312
10397,487,20,200
10398,224,3,27
10399,285,28,252
10400,457,37,259
10401,225,14,140
10402,236,37,222
10403,153,44,396
10404,103,5,40
10405,476,46,230
10406,100,27,189
10407,106,15,120
10408,152,47,376
10409,51,8,72
10410,56,36,216
10411,73,19,95
10412,497,9,81
10413,132,14,126
10414,335,36,252
10415,239,7,35
10416,71,33,264
10417,380,40,400
10418,195,11,77
10419,82,29,232
10420,445,2,18
10421,168,8,72
10422,41,23,138
10423,273,30,270
10424,496,46,322
10425,334,18,144
10426,74,24,192
10427,437,11,99
10428,286,20,200
10429,150,30,180
10430,436,34,272
10431,405,47,282
10432,361,42,252
10433,241,29,290
10434,41,10,100
10435,364,12,72
10436,472,34,238
10437,195,44,308
10438,487,50,400
10439,315,41,328
10440,340,30,150
10441,189,29,232
10442,362,36,216
10443,373,36,360
10444,203,10,60
10445,457,35,350
10446,226,23,138
10447,364,5,45
10448,430,44,352
10449,288,27,243
10450,39,25,175
10451,235,41,205
10452,289,22,110
10453,181,31,217
10454,230,24,168
10455,79,42,378
10456,444,39,273
10457,482,8,56
10458,380,34,204
10459,158,3,18
10460,129,17,153
10461,32,15,105
10462,157,7,56
10463,11,7,63
10464,117,40,320
10465,407,28,224
10466,491,2,10
10467,326,7,49
10468,324,39,351
10469,190,4,32
10470,94,45,360
10471,29,45,270
10472,208,17,85
10473,445,6,42
10474,176,1,8
10475,396,18,126
10476,434,8,80
10477,426,23,230
10478,405,39,273
10479,477,5,50
10480,260,16,80
10481,192,12,60
10482,386,35,245
10483,267,1,9
10484,270,14,98
10485,121,47,470
10486,158,38,342
10487,482,43,301
10488,122,10,100
10489,443,9,90
10490,198,28,140
10491,419,7,63
10492,143,43,215
10493,121,26,130
10494,396,45,270
10495,417,25,200
10496,319,34,170
10497,439,18,162
10498,442,29,261
10499,187,48,384
10500,159,17,119
10501,104,42,294
10502,471,22,176
10503,192,4,40
10504,395,46,230
10505,490,17,102
10506,486,36,360
10507,66,26,156
10508,453,42,294
10509,39,41,246
10510,290,15,135
10511,188,4,24
10512,424,4,20
10513,274,42,210
10514,269,6,60
10515,314,8,72
10516,182,48,480
10517,26,19,114
10518,81,20,200
10519,50,20,100
10520,452,40,240
10521,114,9,54
10522,346,43,301
10523,403,32,160
10524,213,34,306
10525,347,37,259
10526,42,13,65
10527,288,3,24
10528,276,2,18
10529,356,5,30
10530,192,4,32
10531,494,22,220
10532,335,46,414
10533,455,41,205
10534,383,14,98
10535,325,35,245
10536,446,29,232
10537,281,9,90
10538,280,9,63
10539,320,30,150
10540,169,15,150
10541,473,15,120
10542,286,29,203
10543,469,10,60
10544,88,32,224
10545,446,35,280
10546,377,21,189
10547,433,31,217
10548,433,11,88
10549,454,47,376
10550,378,21,189
10551,200,12,72
10552,84,38,342
10553,327,40,400
10554,405,45,360
10555,33,6,60
10556,491,21,105
10557,353,23,138
10558,302,41,410
10559,473,34,272
10560,350,6,60
10561,14,3,21
10562,491,29,261
10563,52,41,328
10564,129,19,190
10565,422,11,110
10566,340,9,54
10567,292,17,85
10568,170,3,30
10569,11,13,78
10570,269,42,210
10571,67,45,225
10572,495,37,259
10573,403,19,133
10574,79,38,380
10575,120,27,270
10576,32,12,96
10577,19,9,63
10578,123,21,126
10579,137,33,231
10580,451,3,27
10581,462,46,414
10582,80,47,329
10583,127,23,115
10584,332,2,18
10585,481,17,119
10586,426,16,160
10587,167,47,235
10588,299,28,140
10589,25,22,220
10590,409,26,130
10591,251,7,35
10592,201,13,130
10593,362,48,432
10594,206,19,114
10595,382,22,110
10596,265,47,470
10597,499,38,190
10598,108,47,235
10599,255,4,24
10600,80,4,20
10601,352,34,204
10602,404,46,368
10603,243,24,240
10604,19,43,387
10605,39,43,387
10606,214,36,252
10607,258,35,245
10608,460,15,90
10609,41,26,208
10610,190,45,225
10611,209,50,450
10612,73,12,60
10613,359,48,480
10614,370,27,216
10615,338,24,216
10616,119,11,110
10617,133,8,80
10618,401,4,24
10619,352,31,155
10620,173,17,153
10621,64,36,288
10622,267,25,175
10623,317,50,450
10624,449,23,138
10625,157,49,441
10626,128,3,24
10627,395,48,240
10628,262,31,186
10629,455,38,228
10630,263,13,78
10631,438,49,343
10632,332,41,246
10633,96,26,182
10634,387,24,168
10635,473,12,120
10636,75,37,296
10637,265,4,28
10638,142,8,72
10639,228,12,96
10640,345,4,24
10641,346,12,120
10642,318,21,168
10643,497,13,130
10644,257,36,288
10645,46,20,120
10646,204,29,145
10647,434,18,144
10648,150,34,170
10649,272,34,306
10650,26,28,280
10651,50,42,252
10652,368,32,160
10653,355,21,105
10654,298,6,36
10655,195,15,120
10656,495,43,344
10657,238,29,232
10658,135,43,215
10659,275,23,138
10660,98,35,245
10661,140,31,217
10662,118,21,210
10663,336,15,150
10664,32,8,56
10665,321,22,154
10666,30,35,210
10667,441,4,32
10668,95,12,72
10669,194,16,128
10670,490,4,36
10671,247,34,272
10672,146,16,96
10673,425,30,300
10674,205,7,49
10675,139,29,261
10676,77,26,156
10677,60,5,25
10678,126,19,114
10679,261,2,12
10680,25,42,420
10681,380,30,150
10682,151,49,343
10683,93,18,126
10684,234,14,140
10685,466,19,171
10686,19,22,198
10687,345,40,240
10688,142,4,28
10689,415,36,252
10690,100,45,360
10691,314,23,184
10692,42,7,70
10693,164,27,243
10694,358,39,390
10695,41,5,50
10696,228,42,378
10697,237,10,100
10698,227,30,150
10699,49,1,5
10700,51,43,344
10701,474,6,36
10702,226,22,132
10703,461,1,9
10704,478,14,140
10705,260,21,168
10706,47,31,155
10707,200,35,175
10708,285,6,54
10709,37,10,100
10710,31,34,238
10711,68,31,186
10712,122,38,190
10713,17,2,14
10714,55,32,224
10715,451,34,306
10716,450,15,150
10717,97,8,80
10718,44,34,272
10719,266,10,50
10720,87,3,30
10721,395,19,114
10722,61,36,216
10723,77,12,60
10724,76,4,36
10725,167,45,450
10726,40,15,75
10727,255,31,186
10728,167,37,296
10729,324,14,84
10730,337,47,376
10731,167,31,217
10732,87,8,64
10733,402,18,162
10734,373,20,120
10735,352,49,294
10736,364,43,258
10737,349,18,144
10738,304,29,145
10739,11,38,342
10740,469,28,252
10741,198,28,196
10742,95,7,63
10743,215,50,500
10744,370,36,180
10745,69,39,351
10746,172,26,182
10747,183,7,49
10748,365,7,63
10749,420,20,200
10750,229,14,112
10751,470,37,222
10752,339,48,240
10753,412,20,200
10754,251,8,64
10755,430,36,288
10756,425,9,45
10757,206,25,200
10758,386,28,224
10759,145,32,224
10760,491,12,120
10761,45,22,220
10762,51,24,192
10763,480,21,126
10764,448,8,80
10765,339,48,384
10766,321,49,294
10767,328,48,240
10768,443,10,70
10769,62,41,369
10770,333,26,130
10771,33,7,35
10772,403,18,144
10773,473,30,210
10774,332,21,126
10775,313,13,91
10776,454,10,50
10777,404,31,279
10778,120,8,56
10779,382,11,55
10780,496,3,15
10781,119,14,70
10782,370,2,14
10783,90,5,40
10784,323,7,35
10785,116,39,351
10786,337,18,162
10787,83,46,460
10788,289,45,450
10789,267,17,85
10790,91,48,384
10791,94,30,300
10792,210,38,304
10793,457,49,294
10794,446,35,175
10795,410,22,198
10796,429,45,270
10797,454,24,240
10798,101,28,252
10799,322,33,264
10800,486,1,7
10801,120,27,162
10802,314,37,259
10803,390,35,245
10804,399,7,70
10805,28,23,161
10806,486,40,400
10807,213,48,288
10808,207,10,50
10809,75,50,250
10810,229,47,423
10811,53,27,189
10812,223,38,342
10813,154,23,115
10814,232,2,16
10815,259,18,126
10816,146,12,120
10817,231,15,90
10818,202,35,280
10819,434,16,128
10820,103,7,49
10821,247,13,117
10822,249,8,80
10823,140,24,192
10824,453,34,340
10825,441,43,430
10826,113,3,27
10827,464,22,154
10828,84,5,50
10829,174,23,115
10830,220,2,16
10831,490,45,225
10832,372,20,100
10833,198,47,235
10834,96,37,333
10835,343,6,36
10836,431,6,60
10837,164,8,72
10838,57,32,160
10839,268,10,70
10840,395,4,40
10841,473,20,120
10842,464,36,360
10843,300,25,250
10844,237,46,368
10845,242,13,78
10846,120,23,184
10847,401,23,115
10848,84,19,114
10849,269,8,48
10850,436,29,174
10851,214,42,336
10852,213,32,160
10853,117,19,152
10854,19,17,136
10855,256,8,48
10856,188,33,297
10857,187,46,414
10858,422,21,147
10859,96,36,324
10860,346,12,108
10861,104,34,204
10862,52,41,328
10863,172,22,198
10864,331,9,90
10865,152,39,390
10866,486,3,30
10867,193,27,270
10868,382,46,368
10869,257,34,272
10870,223,6,48
10871,50,39,390
10872,373,20,140
10873,130,12,84
10874,204,40,400
10875,273,46,322
10876,341,41,328
10877,110,15,90
10878,179,19,190
10879,457,27,243
10880,419,20,100
10881,348,20,180
10882,448,33,198
10883,302,5,35
10884,333,12,60
10885,230,49,245
10886,422,27,243
10887,500,28,140
10888,247,14,98
10889,343,20,200
10890,435,31,186
10891,435,28,280
10892,465,16,112
10893,236,47,376
10894,448,10,90
10895,135,23,207
10896,394,22,220
10897,380,8,64
10898,286,10,50
10899,242,33,198
10900,481,47,235
10901,350,34,204
10902,331,44,220
10903,129,42,336
10904,301,15,105
10905,482,1,8
10906,217,41,369
10907,109,17,136
10908,279,18,144
10909,83,30,240
10910,410,8,64
10911,191,11,99
10912,94,41,328
10913,445,14,112
10914,81,29,203
10915,48,23,161
10916,189,1,8
10917,298,12,72
10918,62,49,245
10919,107,9,90
10920,235,37,296
10921,110,36,216
10922,189,10,70
10923,149,42,378
10924,206,24,144
10925,19,8,40
10926,29,10,60
10927,54,9,90
10928,221,48,480
10929,420,6,36
10930,206,32,224
10931,361,1,7
10932,25,28,168
10933,234,48,240
10934,37,14,126
10935,30,16,128
10936,400,5,25
10937,416,26,234
10938,440,24,120
10939,70,47,423
10940,420,40,360
10941,86,17,85
10942,351,43,344
10943,222,14,112
10944,207,25,250
10945,259,39,351
10946,482,47,423
10947,363,26,156
10948,345,10,50
10949,426,14,140
10950,75,24,120
10951,404,31,217
10952,133,21,210
10953,420,8,80
10954,446,43,344
10955,188,22,176
10956,222,39,351
10957,108,44,440
10958,262,37,296
10959,105,32,160
10960,236,11,55
10961,100,28,280
10962,193,36,360
10963,314,38,228
10964,18,29,232
10965,287,29,290
10966,310,3,18
10967,116,27,243
10968,375,5,25
10969,316,12,72
10970,312,24,144
10971,12,27,189
10972,359,11,55
10973,240,35,210
10974,466,22,220
10975,61,25,250
10976,81,8,40
10977,27,27,243
10978,377,29,261
10979,25,41,205
10980,398,2,10
10981,497,23,138
10982,382,37,296
10983,365,40,240
10984,291,15,120
10985,343,3,24
10986,318,15,90
10987,46,45,450
10988,178,26,260
10989,197,42,210
10990,417,31,248
10991,158,28,280
10992,361,27,135
10993,245,26,182
10994,393,12,96
10995,275,10,90
10996,255,3,18
10997,424,7,35
10998,36,9,54
10999,12,49,294
11000,294,30,270
11001,54,43,430
11002,429,32,192
11003,11,16,144
11004,10,45,360
11005,434,49,441
11006,475,40,400
11007,178,11,110
11008,66,19,190
11009,44,11,99
11010,42,37,222
11011,96,25,150
11012,152,2,16
11013,378,34,340
11014,351,37,222
11015,227,23,207
11016,35,35,315
11017,404,20,120
11018,26,9,90
11019,59,16,112
11020,111,42,210
11021,64,9,90
11022,244,36,252
11023,166,13,117
11024,442,30,150
11025,138,50,500
11026,267,42,252
11027,427,5,40
11028,340,33,297
11029,50,8,48
11030,327,36,360
11031,340,12,108
11032,473,32,224
11033,123,10,80
11034,149,12,72
11035,217,6,30
11036,55,19,114
11037,133,6,36
11038,94,2,20
11039,436,27,216
11040,241,50,250
11041,209,23,184
11042,164,8,72
11043,367,3,15
11044,28,7,35
11045,375,33,264
11046,293,22,154
11047,248,24,168
11048,480,23,230
11049,14,14,98
11050,342,35,175
11051,382,50,500
11052,345,44,352
11053,389,32,320
11054,195,22,198
11055,458,1,6
11056,94,26,208
11057,155,23,115
11058,85,13,91
11059,209,2,16
11060,325,14,112
11061,327,20,100
11062,379,3,21
11063,420,30,210
11064,45,7,63
11065,258,12,84
11066,232,31,186
11067,319,44,264
11068,447,1,9
11069,332,17,136
11070,244,11,66
11071,416,49,490
11072,340,37,222
11073,294,2,14
11074,266,22,176
11075,35,1,9
11076,27,39,390
11077,349,9,81
11078,485,12,108
11079,464,34,204
11080,25,38,380
11081,294,2,16
11082,220,38,304
11083,293,19,171
11084,339,40,200
11085,492,38,266
11086,364,28,168
11087,399,39,312
11088,231,7,70
11089,140,47,470
11090,295,50,500
11091,457,47,423
11092,406,9,81
11093,370,7,49
11094,253,20,120
11095,481,32,224
11096,290,22,154
11097,233,36,324
11098,120,7,35
11099,230,44,264
11100,46,46,414
11101,408,34,238
11102,60,48,336
11103,389,24,240
11104,56,39,312
11105,169,23,161
11106,410,33,264
11107,367,19,114
11108,484,9,54
11109,140,14,84
11110,320,8,80
11111,392,22,154
11112,141,29,290
11113,398,31,279
11114,27,3,24
11115,152,50,350
11116,347,41,328
11117,180,28,280
11118,440,43,301
11119,190,2,20
11120,283,3,27
11121,231,7,49
11122,281,17,85
11123,45,9,81
11124,223,10,50
11125,344,25,225
11126,49,31,248
11127,79,40,400
11128,130,44,352
11129,23,9,90
11130,399,28,140
11131,227,24,168
11132,187,41,287
11133,171,22,132
11134,426,14,98
11135,429,14,126
11136,181,12,120
11137,24,29,145
11138,169,25,125
11139,285,17,119
11140,291,4,32
11141,96,17,136
11142,404,44,264
11143,108,39,351
11144,235,31,155
11145,130,5,30
11146,282,23,138
11147,481,21,168
11148,154,43,215
11149,37,34,238
11150,415,2,20
11151,367,24,240
11152,347,2,12
11153,110,18,162
11154,219,15,150
11155,341,18,144
11156,66,28,196
11157,480,33,330
11158,436,22,220
11159,427,16,160
11160,335,45,360
11161,177,44,220
11162,425,47,329
11163,268,12,108
11164,186,11,110
11165,416,41,328
11166,208,29,174
11167,189,44,220
11168,356,9,90
11169,41,41,369
11170,196,18,126
11171,199,24,168
11172,415,48,336
11173,308,45,360
11174,136,37,185
11175,215,31,279
11176,431,19,133
11177,464,44,220
11178,62,19,152
11179,433,43,344
11180,202,27,216
11181,275,4,20
11182,21,39,312
11183,75,33,330
11184,283,49,441
11185,483,17,170
11186,490,24,192
11187,487,6,60
11188,47,18,90
11189,167,35,245
11190,275,18,126
11191,22,35,315
11192,383,20,160
11193,201,40,200
11194,392,22,110
11195,104,4,40
11196,416,3,24
11197,49,15,120
11198,68,33,165
11199,26,49,490
11200,320,24,144
11201,327,29,290
11202,33,39,312
11203,411,3,27
11204,472,27,135
11205,56,38,266
11206,426,48,288
11207,315,32,288
11208,446,5,30
11209,187,48,432
11210,451,12,60
11211,15,29,232
11212,234,41,205
11213,180,2,12
11214,180,34,306
11215,410,16,80
11216,178,8,64
11217,305,17,153
11218,70,27,162
11219,173,47,282
11220,388,36,288
11221,275,38,342
11222,274,1,6
11223,245,26,208
11224,157,2,14
11225,77,42,336
11226,235,35,245
11227,462,24,120
11228,412,34,272
11229,74,49,245
11230,332,23,184
11231,407,34,272
11232,163,3,27
11233,284,30,240
11234,187,16,144
11235,209,12,60
11236,347,7,70
11237,168,33,264
11238,163,13,104
11239,440,44,440
11240,31,37,296
11241,253,18,108
11242,435,49,392
11243,416,49,392
11244,187,23,230
11245,68,15,75
11246,123,22,110
11247,488,30,300
11248,175,29,261
11249,340,13,117
11250,367,26,156
11251,196,3,27
11252,246,15,150
11253,175,38,342
11254,275,11,99
11255,357,33,165
11256,427,13,65
11257,380,23,138
11258,406,43,430
11259,47,50,350
11260,354,12,72
11261,125,15,75
11262,142,20,120
11263,473,32,160
11264,259,16,160
11265,97,2,12
11266,255,46,276
11267,250,9,45
11268,98,17,119
11269,384,21,147
11270,453,37,222
11271,453,15,120
11272,291,34,272
11273,266,18,90
11274,147,21,105
11275,234,15,105
11276,226,23,115
11277,30,30,180
11278,189,38,304
11279,186,17,153
11280,490,10,100
11281,315,13,117
11282,316,35,175
11283,438,45,270
11284,181,23,184
11285,121,19,190
11286,368,16,160
11287,452,30,270
11288,461,28,168
11289,451,19,152
11290,456,2,10
11291,269,17,119
11292,410,39,351
11293,364,13,117
11294,428,28,196
11295,364,47,329
11296,381,31,217
11297,184,14,70
11298,471,27,189
11299,404,9,45
11300,492,38,190
11301,173,18,144
11302,166,44,440
11303,135,35,245
11304,40,45,225
11305,455,22,220
11306,173,32,320
11307,315,9,72
11308,365,32,192
11309,201,41,328
11310,37,20,120
11311,44,45,405
11312,241,27,162
11313,301,4,32
11314,475,24,120
11315,17,20,100
11316,67,19,95
11317,101,12,96
11318,37,41,205
11319,51,14,98
11320,367,17,136
11321,324,48,480
11322,142,20,140
11323,424,32,320
11324,373,46,460
11325,370,31,310
11326,64,31,155
11327,206,38,380
11328,223,48,336
11329,85,14,126
11330,122,37,222
11331,268,22,176
11332,124,50,250
11333,87,10,100
11334,409,42,252
11335,433,1,5
11336,130,5,30
11337,122,48,432
11338,167,15,90
11339,342,32,224
11340,88,8,48
11341,150,35,210
11342,272,44,308
11343,350,12,96
11344,44,12,72
11345,166,12,108
11346,285,28,252
11347,199,38,380
11348,217,16,128
11349,207,7,35
11350,205,2,10
11351,185,48,336
11352,363,13,78
11353,465,27,270
11354,369,43,344
11355,140,33,297
11356,193,50,300
11357,329,39,195
11358,124,4,40
11359,81,2,18
11360,491,21,168
11361,475,13,117
11362,160,46,368
11363,159,34,204
11364,49,37,222
11365,221,43,344
11366,259,22,110
11367,263,36,360
11368,217,30,210
11369,353,13,117
11370,321,15,150
11371,403,49,441
11372,73,26,234
11373,230,3,21
11374,361,27,162
11375,187,14,112
11376,475,28,224
11377,341,24,144
11378,156,25,175
11379,383,35,245
11380,34,26,260
11381,307,18,144
11382,56,47,235
11383,252,27,189
11384,74,15,90
11385,323,33,297
11386,259,50,250
11387,223,6,48
11388,249,41,287
11389,421,8,48
11390,54,15,90
11391,15,23,115
11392,201,11,55
11393,387,15,90
11394,204,44,440
11395,373,35,350
11396,500,35,175
11397,370,13,117
11398,187,38,342
11399,67,27,216
11400,13,11,110
11401,162,32,256
11402,124,14,70
11403,328,14,84
11404,433,39,312
11405,297,18,162
11406,380,44,220
11407,319,34,170
11408,220,5,50
11409,10,42,336
11410,316,15,75
11411,93,39,273
11412,326,31,217
11413,384,2,18
11414,385,20,200
11415,462,23,161
11416,141,15,105
11417,304,29,261
11418,208,2,18
11419,183,10,50
11420,108,3,15
11421,59,30,150
11422,38,8,72
11423,14,12,72
11424,44,38,190
11425,471,29,203
11426,233,30,210
11427,106,10,60
11428,121,30,240
11429,293,10,50
11430,351,40,400
11431,319,14,112
11432,399,30,270
11433,85,26,130
11434,220,2,20
11435,356,26,208
11436,255,13,65
11437,458,1,6
11438,498,22,176
11439,256,18,144
11440,48,48,384
11441,495,50,350
11442,71,19,95
11443,338,1,6
11444,144,2,12
11445,476,26,156
11446,73,20,180
11447,70,3,21
11448,90,28,280
11449,378,22,110
11450,159,11,77
11451,116,49,490
11452,163,1,8
11453,315,10,60
11454,428,28,252
11455,397,1,6
11456,63,43,344
11457,189,41,287
11458,370,24,120
11459,305,18,180
11460,117,15,90
11461,369,11,66
11462,320,22,132
11463,286,36,360
11464,426,24,168
11465,426,43,215
11466,345,45,405
11467,66,35,245
11468,476,6,60
11469,394,45,225
11470,333,50,500
11471,120,11,99
11472,461,40,320
11473,486,37,185
11474,493,9,45
11475,130,22,176
11476,461,41,328
11477,319,11,110
11478,184,31,155
11479,217,40,200
11480,176,29,145
11481,124,16,144
11482,463,10,60
11483,447,5,40
11484,305,35,315
11485,93,22,220
11486,279,43,430
11487,334,12,72
11488,56,38,380
11489,294,38,190
11490,41,17,119
11491,174,17,170
11492,13,10,80
11493,318,39,234
11494,265,15,150
11495,495,5,35
11496,48,30,180
11497,459,28,168
11498,144,6,42
11499,466,47,282
11500,31,26,234
11501,411,12,96
11502,462,34,170
11503,469,47,423
11504,403,31,310
11505,49,16,96
11506,158,50,300
11507,206,2,16
11508,389,28,196
11509,98,42,420
11510,33,41,369
11511,240,26,182
11512,210,9,72
11513,273,27,216
11514,385,3,24
11515,138,11,88
11516,53,48,288
11517,351,13,104
11518,49,34,340
11519,127,21,126
11520,439,20,120
11521,70,19,95
11522,416,20,140
11523,285,39,273
11524,492,19,152
11525,457,47,282
11526,161,14,126
11527,466,3,30
11528,185,40,400
11529,183,50,500
11530,167,38,190
11531,430,42,210
11532,343,43,301
11533,114,11,55
11534,172,43,258
11535,141,2,16
11536,395,4,24
11537,77,24,168
11538,313,31,279
11539,341,48,336
11540,479,6,60
11541,431,22,198
11542,447,8,48
11543,228,24,144
11544,465,15,105
11545,59,12,72
11546,437,36,288
11547,438,4,28
11548,420,45,405
11549,175,19,95
11550,92,3,27
11551,19,18,126
11552,116,43,387
11553,420,16,160
11554,312,15,150
11555,237,12,96
11556,448,21,168
11557,191,4,20
11558,263,33,165
11559,338,49,294
11560,424,16,144
11561,180,33,297
11562,107,2,20
11563,277,25,225
11564,299,25,175
11565,11,34,272
11566,463,2,18
11567,473,32,192
11568,281,17,136
11569,377,12,60
11570,411,20,140
11571,161,16,160
11572,57,17,136
11573,132,36,180
11574,89,24,216
11575,218,22,132
11576,265,42,336
11577,388,21,105
11578,319,34,340
11579,63,39,195
11580,318,50,350
11581,150,13,130
11582,421,31,279
11583,28,31,217
11584,252,31,217
11585,324,13,104
11586,476,21,168
11587,370,37,259
11588,76,38,228
11589,157,24,168
11590,210,21,210
11591,20,26,234
11592,359,10,60
11593,108,41,287
11594,381,39,351
11595,222,27,216
11596,127,16,144
11597,75,34,306
11598,411,10,70
11599,46,29,290
11600,481,14,70
11601,89,1,9
11602,196,12,84
11603,86,31,279
11604,500,7,63
11605,231,35,350
11606,271,41,369
11607,488,21,126
11608,458,10,80
11609,128,14,84
11610,15,27,162
11611,406,45,225
11612,352,7,70
11613,500,27,243
11614,103,24,216
11615,52,29,232
11616,161,49,441
11617,313,42,210
11618,444,33,330
11619,261,29,145
11620,63,41,410
11621,498,16,160
11622,332,24,144
11623,410,1,7
11624,283,15,90
11625,275,50,500
11626,475,9,54
11627,489,17,153
11628,450,48,240
11629,451,31,248
11630,124,27,270
11631,453,2,14
11632,324,40,320
11633,240,1,6
11634,434,18,144
11635,228,25,125
11636,56,9,81
11637,194,34,170
11638,73,34,170
11639,260,25,125
11640,379,8,40
11641,254,7,42
11642,22,49,392
11643,415,16,80
11644,360,34,340
11645,307,4,20
11646,377,7,56
11647,143,44,396
11648,231,31,217
11649,86,3,15
11650,244,49,490
11651,325,35,350
11652,385,7,70
11653,271,48,240
11654,225,37,296
11655,87,22,110
11656,440,30,150
11657,356,37,222
11658,179,46,276
11659,428,39,351
11660,453,4,20
11661,314,37,333
11662,359,9,72
11663,16,35,350
11664,485,5,45
11665,53,45,360
11666,435,50,500
11667,312,30,270
11668,127,12,60
11669,283,19,114
11670,305,9,90
11671,347,32,192
11672,115,49,343
11673,338,25,175
11674,463,32,192
11675,439,22,154
11676,167,26,260
11677,306,42,378
11678,202,46,230
11679,129,41,246
11680,371,12,72
11681,277,34,238
11682,32,17,136
11683,248,28,140
11684,216,42,378
11685,53,45,270
11686,270,28,224
11687,100,14,98
11688,474,42,210
11689,22,44,352
11690,66,31,217
11691,404,43,258
11692,236,43,301
11693,77,7,35
11694,78,15,75
11695,432,49,490
11696,383,9,81
11697,271,24,240
11698,181,42,336
11699,490,9,63
11700,146,37,333
11701,116,10,100
11702,366,47,282
11703,17,46,368
11704,106,35,315
11705,35,43,215
11706,259,46,460
11707,137,28,252
11708,329,46,276
11709,105,39,312
11710,61,35,245
11711,112,47,423
11712,261,30,210
11713,246,4,36
11714,452,15,90
11715,208,7,42
11716,211,18,180
11717,22,26,130
11718,436,13,117
11719,312,45,450
11720,280,9,54
11721,459,49,294
11722,340,21,189
11723,54,11,99
11724,388,27,270
11725,491,12,72
11726,333,42,378
11727,106,44,264
11728,89,34,272
11729,474,40,240
11730,43,27,270
11731,121,25,250
11732,119,8,64
11733,205,37,370
11734,433,34,238
11735,206,50,250
11736,262,7,42
11737,403,43,258
11738,331,47,376
11739,373,23,115
11740,393,29,290
11741,134,28,224
11742,31,32,160
11743,132,1,8
11744,486,31,217
11745,155,7,56
11746,442,32,256
11747,262,50,500
11748,321,38,380
11749,232,41,246
11750,381,44,352
11751,320,47,329
11752,465,6,42
11753,376,14,70
11754,112,24,240
11755,21,17,136
11756,416,29,174
11757,423,18,90
11758,176,35,175
11759,489,9,81
11760,415,11,66
11761,413,32,320
11762,306,35,315
11763,470,29,203
11764,440,1,9
11765,432,45,225
11766,402,27,216
11767,213,4,24
11768,446,46,322
11769,181,21,105
11770,174,31,217
11771,423,50,450
11772,31,31,279
11773,181,29,290
11774,283,12,84
11775,469,43,301
11776,303,13,65
11777,448,16,160
11778,14,9,63
11779,42,43,215
11780,158,29,261
11781,217,34,306
11782,226,5,35
11783,477,10,60
11784,304,12,120
11785,33,16,128
11786,68,39,234
11787,401,30,210
11788,93,34,238
11789,461,23,115
11790,287,36,324
11791,350,42,378
11792,247,28,196
11793,158,16,160
11794,416,3,18
11795,409,10,60
11796,131,40,320
11797,387,2,14
11798,184,37,185
11799,219,24,192
11800,403,2,18
11801,304,11,77
11802,260,4,28
11803,450,10,60
11804,421,16,112
11805,219,3,30
11806,99,22,198
11807,418,9,72
11808,470,5,40
11809,296,40,320
11810,80,3,27
11811,300,36,216
11812,483,8,56
11813,167,23,161
11814,461,21,147
11815,144,24,144
11816,73,15,135
11817,88,45,450
11818,106,9,72
11819,255,41,246
11820,461,40,280
11821,458,38,380
11822,496,42,210
11823,82,15,150
11824,111,4,24
11825,170,30,150
11826,260,6,54
11827,497,47,423
11828,19,29,261
11829,211,15,150
11830,398,31,217
11831,243,18,126
11832,187,48,480
11833,473,26,208
11834,59,29,203
11835,127,8,80
11836,477,10,50
11837,406,5,40
11838,31,49,343
11839,15,11,110
11840,159,33,264
11841,374,24,216
11842,399,29,203
11843,236,19,114
11844,331,14,126
11845,44,24,216
11846,86,5,45
11847,376,47,376
11848,194,30,150
11849,481,48,288
11850,276,33,297
11851,104,34,272
11852,106,10,70
11853,49,40,200
11854,282,19,171
11855,95,15,75
11856,430,45,360
11857,366,46,414
11858,366,45,360
11859,464,32,320
11860,231,5,45
11861,57,17,153
11862,342,44,396
11863,365,18,90
11864,61,7,35
11865,256,14,84
11866,295,47,329
11867,18,19,152
11868,400,33,330
11869,486,34,170
11870,373,33,264
11871,345,24,144
11872,19,21,189
11873,258,32,224
11874,215,5,30
11875,420,2,12
11876,371,25,250
11877,64,29,232
11878,290,47,329
11879,11,10,90
11880,39,4,28
11881,479,40,240
11882,421,19,190
11883,422,8,72
11884,282,4,32
11885,476,28,252
11886,189,21,168
11887,466,48,240
11888,207,37,296
11889,378,20,160
11890,93,1,9
11891,93,43,430
11892,489,23,115
11893,371,29,174
11894,160,32,256
11895,142,19,114
11896,315,1,7
11897,285,12,60
11898,140,32,192
11899,343,17,102
11900,443,24,144
11901,499,8,40
11902,308,44,220
11903,186,24,144
11904,309,36,360
11905,34,48,240
11906,22,39,273
11907,214,6,30
11908,203,3,30
11909,16,36,288
11910,445,39,351
11911,485,22,132
11912,127,37,333
11913,194,46,368
11914,262,19,114
11915,499,41,287
11916,106,44,264
11917,255,28,252
11918,313,48,480
11919,34,26,208
11920,95,5,45
11921,325,12,60
11922,402,17,170
11923,113,44,264
11924,362,2,10
11925,403,31,155
11926,285,46,414
11927,344,16,144
11928,284,5,50
11929,414,49,245
11930,187,25,250
11931,368,33,264
11932,460,31,310
11933,295,42,420
11934,84,6,48
11935,379,26,234
11936,194,31,248
11937,230,8,40
11938,255,29,261
11939,65,32,192
11940,108,36,216
11941,35,49,343
11942,230,26,208
11943,76,5,35
11944,354,42,336
11945,33,13,130
11946,475,28,196
11947,334,9,45
11948,491,15,90
11949,56,24,168
11950,126,15,150
11951,165,50,350
11952,368,29,261
11953,478,30,210
11954,248,32,320
11955,253,22,154
11956,263,29,290
11957,152,19,171
11958,10,45,270
11959,24,40,200
11960,234,49,490
11961,29,20,180
11962,182,39,390
11963,205,6,42
11964,487,34,306
11965,334,11,55
11966,186,31,279
11967,78,12,108
11968,164,5,35
11969,431,24,120
11970,100,25,200
11971,286,22,132
11972,240,30,240
11973,307,36,360
11974,219,16,112
11975,454,49,294
11976,19,38,380
11977,242,39,351
11978,495,32,256
11979,161,30,300
11980,431,45,315
11981,34,18,162
11982,251,4,24
11983,138,44,308
11984,302,46,460
11985,135,49,441
11986,70,1,10
11987,470,1,8
11988,36,45,450
11989,82,8,40
11990,119,5,45
11991,321,40,320
11992,129,29,290
11993,454,37,259
11994,386,41,287
11995,319,8,64
11996,444,17,170
11997,450,28,252
11998,326,27,243
11999,48,29,145
12000,135,38,190
12001,144,1,9
12002,301,49,294
12003,31,5,45
12004,47,5,50
12005,248,4,36
12006,466,39,273
12007,459,2,16
12008,129,23,161
12009,443,22,220
12010,360,2,14
12011,466,3,30
12012,351,26,156
12013,354,31,248
12014,181,44,396
12015,494,24,216
12016,267,29,145
12017,133,36,252
12018,304,40,200
12019,385,48,432
12020,358,39,390
12021,413,27,243
12022,37,39,351
12023,83,39,234
12024,183,17,170
12025,473,31,248
12026,148,34,238
12027,206,12,108
12028,96,25,225
12029,392,27,216
12030,117,18,126
12031,451,4,20
12032,93,47,423
12033,99,7,70
12034,31,1,5
12035,201,17,102
12036,34,20,180
12037,149,13,130
12038,279,18,144
12039,195,27,243
12040,287,16,160
12041,217,24,168
12042,303,25,150
12043,214,14,126
12044,260,49,441
12045,237,37,296
12046,111,25,175
12047,316,33,330
12048,255,44,220
12049,342,14,112
12050,354,33,231
12051,363,41,410
12052,162,8,56
12053,48,17,85
12054,104,35,175
12055,429,6,48
12056,222,3,21
12057,228,46,276
12058,213,7,56
12059,349,47,423
12060,232,44,308
12061,289,11,66
12062,304,16,128
12063,222,47,470
12064,261,21,210
12065,356,48,480
12066,261,26,234
12067,411,22,176
12068,159,27,270
12069,249,1,6
12070,450,28,252
12071,409,50,400
12072,183,27,189
12073,326,35,245
12074,438,19,95
12075,249,18,90
12076,303,12,96
12077,143,42,378
12078,296,48,336
12079,163,30,210
12080,420,20,120
12081,361,38,190
12082,128,43,344
12083,409,19,114
12084,185,35,350
12085,229,34,238
12086,476,49,490
12087,109,31,248
12088,229,1,10
12089,309,5,50
12090,93,15,120
12091,445,18,144
12092,360,10,80
12093,259,40,400
12094,423,16,160
12095,189,36,324
12096,155,45,360
12097,73,40,240
12098,137,15,150
12099,155,36,324
12100,321,35,210
12101,319,16,96
12102,165,16,128
12103,405,37,370
12104,59,33,231
12105,351,17,85
12106,391,3,18
12107,234,9,81
12108,485,2,14
12109,75,17,85
12110,295,35,175
12111,415,25,175
12112,418,21,168
12113,466,12,120
12114,277,4,32
12115,201,11,110
12116,246,42,252
12117,166,23,230
12118,331,21,168
12119,152,2,10
12120,128,20,160
12121,207,22,220
12122,250,5,50
12123,168,39,234
12124,118,26,260
12125,399,3,30
12126,391,17,102
12127,173,49,441
12128,192,4,24
12129,139,48,384
12130,209,7,56
12131,64,43,215
12132,50,11,88
12133,465,31,186
12134,451,1,7
12135,260,26,156
12136,498,29,290
12137,257,42,378
12138,91,50,500
12139,429,29,232
12140,100,22,176
12141,397,47,470
12142,191,16,80
12143,244,18,108
12144,119,48,240
12145,282,50,300
12146,276,9,72
12147,46,29,261
12148,282,1,6
12149,162,49,441
12150,181,4,36
12151,117,11,99
12152,173,11,99
12153,248,9,45
12154,21,8,72
12155,191,42,378
12156,370,4,20
12157,55,10,50
12158,460,14,140
12159,440,17,153
12160,406,48,288
12161,15,10,60
12162,320,22,198
12163,479,15,150
12164,129,44,440
12165,440,23,207
12166,138,41,246
12167,395,26,130
12168,182,37,185
12169,381,30,270
12170,32,37,296
12171,197,42,378
12172,337,36,180
12173,429,20,100
12174,401,29,145
12175,378,2,20
12176,467,14,84
12177,113,31,248
12178,116,33,198
12179,262,4,36
12180,407,36,252
12181,289,49,392
12182,475,42,252
12183,433,40,240
12184,71,43,301
12185,357,16,80
12186,82,23,230
12187,178,12,60
12188,362,39,390
12189,337,13,91
12190,418,16,128
12191,109,45,450
12192,74,11,110
12193,315,24,144
12194,323,42,294
12195,169,17,102
12196,54,2,20
12197,352,40,200
12198,102,8,72
12199,250,31,279
12200,370,3,24
12201,180,1,10
12202,251,47,470
12203,478,48,432
12204,346,36,360
12205,168,12,108
12206,420,20,140
12207,203,50,300
12208,124,4,40
12209,124,7,49
12210,149,15,120
12211,13,19,114
12212,282,21,189
12213,417,11,99
12214,276,25,250
12215,270,44,440
12216,103,36,288
12217,227,38,304
12218,500,12,108
12219,36,24,168
12220,339,4,32
12221,170,20,180
12222,72,31,217
12223,37,2,16
12224,280,46,414
12225,64,40,200
12226,98,40,360
12227,133,23,230
12228,354,34,204
12229,489,15,120
12230,496,26,208
12231,320,31,279
12232,104,33,165
12233,99,9,90
12234,391,49,392
12235,104,38,304
12236,465,12,108
12237,222,37,185
12238,460,22,176
12239,241,14,70
12240,119,3,15
12241,197,15,90
12242,431,14,84
12243,73,1,8
12244,178,50,450
12245,389,22,110
12246,226,35,245
12247,127,9,54
12248,380,47,235
12249,364,20,200
12250,185,28,252
12251,183,18,126
12252,380,15,90
12253,22,6,36
12254,159,5,40
12255,82,41,410
12256,316,18,90
12257,35,37,333
12258,136,8,72
12259,59,14,84
12260,382,42,420
12261,233,28,252
12262,252,50,450
12263,406,44,308
12264,23,19,152
12265,397,50,500
12266,271,35,175
12267,365,3,27
12268,136,18,162
12269,365,16,80
12270,180,6,42
12271,466,41,410
12272,295,32,256
12273,331,23,138
12274,373,4,20
12275,178,35,245
12276,487,24,192
12277,249,42,252
12278,418,40,400
12279,64,34,340
12280,257,14,112
12281,350,5,25
12282,126,12,96
12283,334,8,40
12284,330,28,224
12285,155,17,119
12286,264,32,256
12287,104,45,405
12288,460,43,344
12289,199,22,110
12290,279,17,102
12291,127,3,21
12292,30,18,180
12293,165,23,161
12294,257,34,306
12295,136,28,252
12296,171,8,64
12297,35,30,270
12298,66,23,161
12299,276,44,220
12300,414,1,7
12301,51,34,340
12302,451,43,258
12303,36,40,200
12304,273,28,196
12305,353,8,48
12306,106,7,49
12307,235,19,133
12308,458,42,420
12309,85,3,24
12310,312,43,301
12311,61,42,420
12312,333,25,175
12313,302,8,72
12314,489,3,27
12315,395,18,162
12316,86,43,387
12317,428,23,230
12318,247,17,119
12319,63,22,132
12320,212,18,126
12321,458,2,16
12322,139,20,100
12323,374,2,20
12324,449,13,130
12325,109,31,217
12326,44,28,280
12327,347,29,145
12328,421,2,10
12329,341,3,24
12330,211,47,376
12331,450,50,400
12332,274,29,145
12333,492,29,203
12334,416,24,192
12335,256,3,15
12336,73,37,222
12337,344,37,333
12338,414,44,440
12339,487,40,400
12340,78,33,330
12341,287,31,279
12342,318,14,140
12343,168,11,77
12344,56,43,430
12345,100,16,80
12346,162,11,55
12347,499,31,279
12348,186,30,270
12349,232,37,222
12350,497,48,336
12351,346,49,441
12352,263,27,270
12353,153,35,315
12354,368,43,344
12355,177,36,288
12356,283,26,208
12357,222,6,48
12358,110,19,152
12359,31,3,21
12360,437,37,185
12361,108,18,162
12362,465,13,117
12363,245,15,150
12364,318,11,88
12365,129,34,306
12366,494,17,85
12367,110,12,108
12368,115,3,27
12369,413,18,108
12370,110,5,45
12371,360,13,65
12372,309,29,232
12373,233,15,135
12374,73,41,369
12375,322,23,161
12376,109,40,360
12377,259,2,12
12378,161,26,182
12379,405,41,328
12380,480,25,175
12381,481,32,320
12382,429,11,55
12383,242,10,90
12384,130,22,132
12385,282,20,200
12386,18,3,15
12387,424,16,128
12388,144,6,30
12389,166,14,84
12390,422,19,190
12391,442,1,5
12392,396,4,24
12393,325,26,156
12394,115,49,294
12395,467,50,450
12396,497,32,288
12397,276,31,248
12398,329,7,56
12399,70,38,342
12400,108,21,147
12401,30,1,5
12402,102,49,343
12403,385,23,161
12404,268,30,210
12405,364,15,150
12406,472,49,490
12407,425,3,21
12408,186,10,50
12409,144,31,217
12410,361,24,240
12411,245,22,154
12412,125,44,396
12413,258,19,152
12414,172,20,100
12415,177,49,294
12416,209,4,24
12417,257,31,279
12418,361,3,21
12419,408,23,207
12420,135,7,49
12421,143,36,216
12422,149,16,144
12423,309,21,105
12424,316,48,432
12425,98,30,210
12426,152,13,117
12427,187,19,171
12428,86,11,110
12429,280,47,329
12430,121,27,162
12431,290,17,153
12432,60,24,216
12433,377,5,35
12434,144,19,171
12435,295,41,246
12436,352,39,351
12437,182,42,294
12438,255,29,203
12439,498,49,245
12440,273,47,329
12441,352,37,185
12442,282,2,16
12443,204,45,405
12444,312,15,135
12445,204,7,49
12446,419,1,6
12447,165,47,329
12448,254,50,450
12449,12,13,117
12450,67,30,180
12451,56,44,220
12452,172,45,270
12453,282,36,288
12454,303,48,480
12455,274,3,18
12456,106,44,352
12457,395,39,351
12458,299,8,80
12459,467,8,40
12460,74,20,180
12461,68,7,35
12462,245,31,186
12463,405,26,130
12464,158,11,99
12465,164,29,232
12466,323,13,91
12467,460,28,140
12468,357,38,304
12469,457,46,460
12470,318,21,147
12471,426,50,400
12472,453,35,245
12473,263,31,186
12474,320,43,301
12475,475,11,55
12476,147,50,350
12477,383,17,136
12478,443,6,60
12479,491,20,100
12480,404,38,266
12481,491,24,168
12482,100,17,136
12483,278,21,126
12484,399,13,130
12485,317,24,192
12486,77,3,24
12487,10,11,99
12488,343,48,432
12489,105,30,210
12490,377,46,368
12491,323,4,20
12492,390,25,250
12493,186,33,297
12494,67,39,273
12495,255,43,301
12496,198,7,63
12497,38,16,144
12498,342,8,80
12499,16,42,210
12500,329,4,28
12501,474,27,162
12502,201,49,343
12503,86,45,225
12504,275,31,248
12505,104,31,310
12506,300,46,322
12507,24,10,50
12508,314,43,215
12509,150,16,96
12510,437,38,342
12511,162,20,180
12512,167,31,310
12513,262,13,78
12514,146,9,90
12515,366,25,150
12516,315,37,185
12517,380,28,252
12518,116,35,280
12519,469,11,110
12520,145,36,324
12521,342,49,441
12522,128,22,198
12523,12,22,176
12524,110,3,15
12525,82,18,90
12526,288,41,328
12527,433,1,7
12528,154,35,245
12529,280,40,320
12530,314,19,114
12531,265,7,42
12532,396,13,104
12533,410,19,133
12534,207,35,175
12535,106,48,336
12536,284,14,112
12537,353,27,162
12538,291,47,376
12539,334,21,126
12540,300,19,171
12541,189,31,248
12542,245,20,100
12543,349,17,136
12544,477,23,161
12545,28,37,333
12546,489,30,180
12547,367,19,152
12548,153,1,8
12549,56,36,252
12550,246,2,12
12551,27,47,470
12552,55,35,350
12553,245,29,203
12554,394,49,245
12555,194,2,16
12556,268,28,224
12557,151,47,235
12558,48,8,40
12559,108,27,243
12560,122,49,441
12561,118,22,198
12562,428,18,90
12563,125,29,232
12564,232,35,350
12565,256,4,40
12566,165,16,96
12567,162,4,36
12568,194,24,192
12569,11,34,306
12570,276,26,182
12571,19,9,45
12572,117,15,75
12573,379,18,108
12574,281,37,333
12575,179,35,210
12576,294,17,85
12577,23,27,270
12578,14,43,430
12579,58,23,161
12580,261,41,328
12581,87,14,84
12582,161,49,392
12583,67,13,104
12584,183,40,280
12585,300,36,360
12586,151,29,145
12587,374,17,136
12588,427,15,75
12589,416,12,96
12590,28,1,5
12591,76,36,288
12592,346,27,189
12593,390,8,72
12594,42,45,360
12595,343,43,258
12596,287,8,72
12597,11,40,200
12598,113,34,272
12599,63,38,266
12600,16,32,160
12601,47,46,368
12602,446,40,240
12603,282,37,296
12604,129,31,279
12605,450,29,174
12606,499,43,215
12607,102,40,320
12608,185,37,333
12609,376,12,60
12610,292,16,112
12611,36,12,72
12612,331,14,140
12613,453,28,224
12614,14,29,290
12615,415,47,470
12616,367,25,150
12617,52,40,200
12618,47,37,296
12619,326,18,144
12620,56,7,63
12621,457,44,264
12622,411,19,133
12623,348,49,294
12624,470,22,110
12625,342,3,24
12626,477,6,42
12627,419,35,280
12628,244,32,224
12629,302,10,50
12630,127,12,60
12631,156,4,24
12632,483,2,10
12633,115,24,216
12634,256,34,306
12635,346,40,400
12636,272,27,162
12637,62,11,99
12638,195,46,276
12639,398,7,56
12640,192,2,14
12641,435,42,336
12642,475,38,190
12643,214,30,210
12644,255,1,7
12645,392,13,78
12646,445,4,28
12647,332,9,72
12648,382,41,205
12649,183,45,270
12650,94,23,161
12651,356,12,72
12652,128,23,184
12653,11,23,184
12654,330,48,336
12655,50,1,8
12656,350,8,48
12657,327,35,315
12658,442,21,147
12659,348,36,360
12660,117,33,264
12661,198,4,20
12662,30,46,230
12663,51,18,180
12664,81,34,170
12665,140,18,162
12666,137,16,112
12667,292,17,170
12668,73,31,186
12669,375,15,120
12670,269,28,252
12671,32,3,30
12672,162,7,63
12673,104,4,40
12674,274,18,108
12675,12,43,258
12676,271,19,190
12677,256,26,156
12678,374,44,308
12679,162,46,276
12680,420,40,280
12681,67,32,320
12682,363,40,360
12683,343,46,276
12684,239,36,180
12685,50,24,240
12686,459,40,360
12687,59,32,288
12688,57,14,126
12689,16,50,450
12690,480,6,48
12691,317,50,300
12692,134,46,230
12693,295,43,430
12694,419,36,360
12695,378,31,279
12696,401,18,126
12697,193,30,300
12698,268,20,100
12699,233,1,6
12700,97,17,119
12701,44,4,20
12702,119,42,294
12703,245,42,294
12704,313,32,320
12705,22,45,225
12706,220,47,282
12707,319,32,192
12708,270,15,75
12709,200,24,192
12710,164,24,216
12711,84,27,270
12712,161,48,480
12713,492,31,279
12714,370,31,248
12715,255,2,18
12716,322,49,441
12717,46,46,460
12718,455,31,155
12719,449,34,238
12720,385,1,10
12721,193,50,250
12722,321,48,432
12723,106,29,174
12724,267,22,220
12725,355,28,224
12726,106,37,296
12727,222,3,30
12728,70,24,144
12729,337,32,320
12730,88,20,100
12731,147,37,222
12732,352,30,300
12733,434,46,322
12734,225,24,120
12735,300,25,225
12736,91,35,210
12737,192,14,70
12738,363,34,238
12739,230,7,63
12740,12,1,8
12741,76,25,200
12742,436,4,24
12743,114,31,217
12744,397,26,182
12745,293,37,185
12746,189,31,310
12747,160,37,259
12748,16,8,48
12749,154,7,63
12750,321,29,261
12751,21,34,340
12752,125,27,270
12753,210,16,96
12754,247,39,234
12755,444,44,220
12756,247,36,324
12757,331,5,40
12758,44,50,400
12759,409,28,196
12760,126,44,264
12761,29,28,140
12762,55,11,99
12763,297,19,152
12764,150,11,66
12765,412,33,330
12766,441,25,125
12767,358,18,90
12768,395,11,88
12769,250,47,282
12770,28,47,235
12771,332,15,150
12772,98,20,140
12773,326,43,344
12774,357,14,70
12775,431,37,370
12776,45,38,190
12777,316,3,18
12778,222,50,300
12779,380,22,110
12780,12,45,270
12781,75,37,185
12782,434,42,336
12783,277,43,215
12784,240,27,135
12785,78,30,210
12786,481,26,130
12787,290,35,245
12788,214,10,80
12789,452,21,126
12790,20,18,162
12791,231,8,40
12792,54,19,133
12793,272,47,376
12794,158,5,50
12795,142,27,243
12796,469,1,8
12797,273,7,63
12798,71,23,230
12799,269,15,150
12800,411,13,78
12801,263,6,54
12802,438,9,45
12803,477,22,132
12804,414,30,180
12805,245,25,225
12806,124,37,259
12807,265,15,150
12808,351,38,190
12809,193,25,250
12810,356,31,217
12811,461,41,287
12812,344,44,440
12813,176,7,70
12814,242,14,70
12815,150,39,351
12816,254,19,152
12817,156,6,30
12818,179,44,264
12819,11,31,248
12820,230,27,189
12821,89,43,387
12822,423,6,48
12823,450,45,270
12824,435,17,102
12825,451,49,441
12826,144,30,210
12827,372,8,40
12828,407,39,273
12829,289,9,45
12830,265,43,258
12831,420,49,392
12832,169,50,250
12833,11,28,140
12834,335,15,105
12835,460,17,136
12836,43,19,152
12837,342,4,32
12838,466,20,180
12839,495,26,234
12840,186,7,56
12841,12,42,420
12842,307,27,135
12843,490,2,14
12844,494,28,224
12845,148,37,296
12846,131,15,105
12847,426,29,261
12848,87,35,315
12849,66,18,144
12850,424,29,203
12851,446,25,250
12852,425,40,320
12853,31,36,216
12854,268,24,120
12855,170,14,112
12856,453,33,231
12857,462,4,40
12858,223,38,228
12859,343,41,410
12860,438,17,170
12861,225,15,120
12862,213,3,18
12863,486,37,296
12864,90,22,176
12865,411,10,100
12866,27,26,234
12867,298,49,490
12868,345,29,203
12869,234,49,245
12870,494,43,344
12871,479,19,114
12872,325,2,12
12873,348,32,160
12874,42,47,282
12875,431,41,205
12876,320,41,287
12877,332,8,40
12878,314,40,400
12879,42,5,25
12880,74,42,420
12881,194,24,192
12882,448,33,297
12883,71,3,15
12884,283,19,114
12885,200,11,55
12886,407,18,162
12887,226,27,189
12888,239,41,246
12889,292,26,208
12890,386,7,35
12891,179,7,56
12892,234,29,203
12893,76,35,175
12894,348,26,182
12895,414,23,207
12896,13,38,228
12897,216,42,420
12898,183,3,24
12899,477,21,105
12900,466,7,49
12901,180,39,390
12902,323,3,30
12903,403,36,216
12904,467,43,301
12905,25,24,168
12906,151,14,126
12907,117,20,140
12908,498,2,16
12909,235,50,250
12910,306,8,40
12911,166,10,80
12912,116,20,140
12913,170,21,189
12914,52,40,200
12915,319,29,203
12916,411,33,165
12917,308,31,155
12918,287,50,500
12919,188,47,282
12920,281,25,200
12921,431,41,328
12922,376,40,360
12923,183,5,40
12924,97,25,125
12925,29,30,300
12926,341,14,98
12927,221,12,60
12928,137,16,112
12929,241,10,100
12930,374,33,165
12931,301,20,100
12932,317,10,90
12933,289,47,282
12934,447,12,96
12935,82,41,328
12936,320,20,100
12937,168,27,243
12938,452,39,312
12939,168,8,64
12940,381,9,72
12941,83,15,120
12942,350,16,112
12943,313,26,156
12944,422,9,45
12945,171,29,290
12946,244,2,20
12947,306,28,224
12948,238,47,470
12949,229,13,104
12950,215,44,396
12951,399,46,414
12952,155,23,184
12953,99,15,120
12954,257,25,200
12955,148,35,315
12956,73,12,120
12957,451,3,30
12958,86,4,28
12959,173,38,304
12960,280,16,160
12961,18,8,40
12962,410,26,130
12963,220,45,315
12964,213,6,36
12965,452,13,65
12966,272,30,180
12967,38,29,261
12968,73,41,287
12969,114,44,220
12970,188,22,220
12971,298,16,96
12972,130,9,90
12973,449,46,230
12974,321,20,180
12975,78,49,294
12976,350,26,208
12977,460,9,90
12978,184,14,112
12979,311,44,220
12980,472,29,203
12981,455,1,6
12982,165,12,84
12983,140,1,10
12984,481,50,250
12985,46,22,110
12986,75,49,245
12987,351,5,25
12988,262,12,96
12989,317,23,161
12990,327,38,228
12991,111,43,344
12992,459,50,500
12993,230,6,54
12994,208,25,125
12995,40,15,105
12996,91,2,20
12997,205,48,432
12998,434,8,40
12999,471,12,84
13000,380,19,114
13001,50,9,90
13002,245,11,77
13003,91,15,135
13004,276,9,45
13005,117,19,190
13006,381,22,132
13007,343,24,240
13008,300,31,155
13009,231,9,54
13010,130,41,369
13011,397,24,144
13012,310,2,18
13013,395,49,294
13014,234,35,350
13015,197,22,220
13016,438,37,222
13017,220,4,32
13018,247,10,100
13019,422,24,144
13020,304,12,72
13021,142,31,310
13022,455,5,25
13023,275,41,287
13024,170,8,64
13025,233,37,185
13026,339,45,405
13027,253,12,120
13028,193,8,40
13029,318,12,120
13030,275,11,88
13031,272,22,154
13032,258,39,234
13033,60,30,270
13034,425,6,60
13035,443,13,130
13036,330,47,423
13037,387,23,115
13038,266,11,66
13039,46,46,414
13040,299,8,80
13041,53,38,190
13042,356,26,260
13043,393,30,180
13044,156,18,108
13045,157,30,210
13046,343,20,100
13047,467,36,324
13048,285,21,168
13049,487,7,49
13050,329,3,18
13051,192,30,210
13052,52,21,105
13053,62,49,392
13054,482,13,104
13055,101,20,180
13056,409,8,64
13057,273,30,300
13058,285,33,297
13059,138,2,20
13060,421,46,368
13061,454,23,230
13062,171,48,432
13063,334,45,450
13064,126,24,216
13065,168,22,220
13066,301,32,192
13067,22,14,112
13068,163,45,225
13069,427,3,15
13070,35,24,192
13071,436,49,294
13072,406,14,126
13073,413,2,20
13074,293,5,45
13075,383,27,243
13076,90,6,60
13077,366,27,243
13078,366,3,18
13079,207,26,130
13080,261,38,304
13081,168,45,405
13082,136,19,95
13083,451,26,130
13084,218,42,294
13085,377,19,152
13086,423,5,50
13087,168,6,48
13088,213,17,170
13089,368,9,81
13090,158,42,294
13091,449,48,432
13092,71,34,170
13093,470,4,32
13094,447,47,282
13095,278,21,189
13096,103,34,306
13097,372,37,259
13098,339,35,245
13099,300,45,315
13100,400,41,205
13101,361,6,60
13102,180,41,369
13103,338,13,117
13104,340,49,294
13105,150,1,5
13106,138,11,66
13107,115,4,28
13108,259,17,170
13109,106,32,320
13110,393,39,390
13111,414,17,153
13112,240,27,243
13113,250,34,170
13114,199,17,153
13115,457,26,156
13116,167,13,78
13117,38,8,72
13118,156,3,21
13119,193,18,162
13120,17,21,189
13121,85,4,36
13122,91,48,336
13123,235,28,196
13124,297,5,35
13125,54,49,343
13126,323,17,85
13127,219,13,104
13128,211,41,287
13129,144,1,5
13130,261,18,126
13131,224,24,168
13132,466,3,15
13133,270,40,400
13134,382,36,288
13135,164,22,198
13136,306,3,21
13137,434,40,360
13138,423,23,138
13139,127,34,306
13140,264,7,70
13141,320,37,185
13142,407,25,175
13143,124,39,312
13144,73,12,108
13145,235,40,320
13146,228,44,308
13147,464,8,48
13148,442,22,176
13149,360,23,161
13150,137,40,280
13151,208,43,258
13152,381,6,60
13153,434,33,330
13154,26,16,112
13155,359,3,30
13156,496,37,296
13157,416,17,119
13158,40,42,378
13159,166,5,50
13160,438,29,203
13161,292,34,204
13162,127,35,315
13163,487,43,215
13164,79,40,400
13165,174,35,280
13166,257,15,90
13167,424,41,205
13168,69,9,81
13169,428,35,315
13170,233,27,189
13171,131,36,180
13172,453,4,28
13173,435,43,430
13174,358,25,250
13175,257,35,350
13176,378,18,144
13177,163,7,63
13178,440,10,80
13179,286,39,312
13180,396,40,360
13181,290,33,330
13182,316,19,190
13183,391,6,36
13184,457,41,205
13185,154,28,280
13186,256,50,450
13187,140,3,15
13188,265,33,198
13189,302,26,182
13190,184,28,280
13191,331,25,200
13192,348,12,96
13193,464,31,186
13194,415,23,230
13195,153,28,196
13196,391,38,304
13197,101,18,108
13198,498,43,215
13199,204,35,315
13200,374,25,200
13201,452,50,450
13202,49,46,322
13203,79,21,105
13204,184,9,54
13205,348,20,180
13206,344,15,75
13207,198,31,279
13208,260,43,215
13209,430,47,470
13210,268,28,280
13211,456,11,55
13212,45,12,60
13213,331,17,85
13214,224,40,320
13215,263,20,120
13216,206,1,7
13217,309,1,8
13218,424,32,320
13219,129,4,20
13220,250,9,72
13221,367,50,250
13222,38,42,336
13223,500,2,18
13224,211,12,108
13225,414,39,273
13226,403,19,95
13227,104,6,48
13228,418,6,54
13229,289,29,232
13230,155,44,396
13231,142,22,154
13232,395,10,100
13233,129,30,270
13234,487,16,112
13235,212,49,343
13236,478,20,160
13237,418,27,243
13238,189,46,276
13239,71,34,272
13240,362,18,90
13241,223,22,154
13242,52,50,500
13243,497,49,294
13244,309,16,160
13245,127,41,410
13246,106,29,203
13247,439,17,102
13248,299,11,77
13249,216,21,126
13250,472,40,360
13251,350,19,133
13252,359,18,180
13253,353,27,189
13254,453,41,246
13255,489,42,420
13256,236,19,95
13257,322,50,450
13258,40,40,240
13259,226,19,95
13260,178,7,42
13261,236,28,196
13262,417,49,490
13263,102,38,266
13264,18,42,378
13265,227,28,224
13266,101,8,80
13267,237,25,175
13268,365,14,98
13269,395,39,234
13270,493,8,80
13271,379,28,224
13272,201,40,280
13273,378,49,245
13274,11,30,150
13275,484,35,315
13276,27,33,231
13277,43,36,288
13278,88,39,273
13279,136,4,28
13280,96,37,222
13281,332,47,376
13282,465,26,182
13283,307,4,40
13284,371,16,112
13285,482,40,320
13286,160,26,260
13287,472,46,276
13288,17,35,315
13289,218,1,8
13290,275,46,322
13291,141,9,54
13292,136,1,5
13293,74,18,180
13294,167,14,126
13295,334,15,135
13296,196,30,150
13297,426,24,120
13298,118,17,119
13299,187,50,350
13300,207,2,16
13301,484,27,189
13302,232,7,63
13303,269,5,45
13304,228,42,210
13305,342,25,250
13306,405,22,220
13307,343,41,328
13308,487,21,105
13309,289,11,66
13310,408,11,66
13311,190,10,70
13312,405,40,280
13313,469,43,387
13314,495,23,207
13315,316,20,100
13316,219,12,96
13317,378,6,48
13318,305,33,330
13319,287,11,55
13320,167,42,420
13321,340,42,210
13322,271,41,410
13323,286,27,189
13324,432,17,170
13325,345,40,280
13326,196,15,105
13327,303,7,42
13328,52,43,301
13329,403,17,153
13330,209,31,217
13331,459,25,250
13332,226,27,270
13333,426,32,192
13334,383,2,16
13335,220,16,80
13336,250,14,98
13337,416,17,136
13338,363,6,48
13339,218,6,36
13340,57,17,102
13341,235,29,174
13342,451,21,126
13343,39,2,14
13344,169,50,500
13345,334,39,273
13346,13,31,279
13347,167,25,150
13348,108,36,288
13349,337,48,480
13350,30,47,282
13351,322,25,250
13352,365,5,40
13353,370,38,190
13354,426,21,189
13355,203,49,490
13356,220,41,410
13357,142,21,210
13358,72,7,56
13359,129,17,170
13360,247,16,160
13361,163,31,310
13362,382,10,70
13363,38,30,300
13364,490,49,392
13365,247,42,294
13366,52,4,36
13367,289,2,16
13368,113,31,279
13369,17,4,36
13370,396,43,344
13371,498,4,32
13372,362,29,174
13373,304,15,90
13374,190,6,30
13375,150,12,96
13376,481,31,186
13377,346,3,21
13378,57,26,130
13379,316,39,351
13380,251,6,42
13381,405,35,350
13382,355,50,300
13383,312,11,55
13384,187,23,230
13385,384,42,420
13386,394,6,36
13387,64,16,128
13388,355,32,320
13389,243,11,66
13390,16,27,216
13391,430,34,272
13392,462,48,288
13393,255,4,40
13394,33,42,210
13395,478,10,100
13396,221,30,240
13397,186,1,8
13398,77,46,414
13399,470,35,350
13400,381,26,156
13401,208,29,174
13402,45,26,260
13403,232,7,49
13404,287,43,301
13405,218,2,18
13406,249,46,414
13407,200,44,264
13408,343,38,304
13409,367,2,16
13410,290,43,215
13411,403,3,30
13412,291,26,130
13413,221,17,136
13414,360,8,40
13415,500,28,196
13416,38,22,220
13417,64,28,252
13418,156,2,14
13419,284,18,180
13420,342,17,85
13421,277,50,450
13422,385,40,200
13423,306,14,98
13424,361,15,150
13425,333,16,80
13426,141,34,204
13427,69,38,228
13428,474,46,322
13429,238,22,176
13430,152,28,140
13431,283,2,14
13432,297,31,310
13433,479,8,48
13434,231,18,180
13435,146,6,30
13436,309,44,352
13437,269,38,228
13438,18,5,35
13439,458,50,500
13440,447,45,225
13441,107,45,315
13442,420,5,45
13443,428,41,328
13444,56,46,460
13445,262,35,280
13446,384,19,190
13447,346,46,368
13448,38,36,252
13449,274,42,336
13450,261,50,250
13451,147,8,40
13452,127,43,301
13453,401,19,114
13454,164,33,330
13455,338,11,77
13456,260,27,243
13457,32,11,66
13458,205,17,136
13459,51,16,128
13460,175,49,294
13461,281,8,48
13462,302,44,308
13463,93,19,171
13464,373,12,72
13465,220,28,140
13466,259,9,54
13467,70,2,10
13468,152,38,190
13469,431,35,210
13470,415,40,400
13471,58,3,30
13472,156,25,250
13473,216,23,161
13474,370,23,138
13475,30,13,65
13476,37,42,252
13477,192,46,276
13478,271,21,147
13479,332,12,84
13480,376,4,36
13481,77,16,96
13482,284,39,273
13483,375,8,64
13484,248,29,290
13485,336,42,378
13486,51,30,150
13487,350,32,320
13488,170,40,400
13489,122,43,430
13490,196,24,144
13491,461,23,184
13492,226,5,40
13493,271,44,440
13494,328,49,294
13495,360,19,190
13496,129,34,170
13497,139,20,120
13498,272,22,154
13499,243,14,140
13500,322,18,162
13501,215,27,189
13502,489,12,84
13503,113,27,162
13504,392,48,336
13505,23,38,304
13506,360,10,50
13507,117,7,56
13508,273,7,42
13509,78,45,270
13510,247,10,50
13511,181,31,248
13512,54,1,5
13513,214,9,81
13514,401,36,324
13515,21,46,368
13516,472,29,261
13517,78,25,200
13518,293,34,306
13519,78,10,80
13520,277,39,312
13521,483,21,210
13522,478,11,110
13523,30,46,276
13524,175,50,450
13525,451,42,420
13526,89,39,390
13527,257,26,234
13528,375,8,72
13529,189,43,387
13530,436,50,400
13531,303,11,66
13532,242,42,336
13533,342,1,5
13534,122,18,108
13535,191,10,100
13536,181,5,35
13537,188,16,112
13538,449,36,216
13539,265,12,72
13540,213,9,63
13541,344,13,65
13542,19,28,224
13543,379,30,210
13544,427,18,108
13545,265,19,133
13546,356,46,322
13547,40,44,264
13548,274,38,266
13549,341,25,175
13550,406,3,27
13551,402,48,336
13552,221,27,243
13553,447,5,50
13554,246,8,80
13555,255,19,95
13556,120,46,322
13557,55,19,114
13558,205,31,279
13559,79,29,261
13560,136,10,100
13561,35,43,387
13562,320,36,180
13563,272,7,35
13564,26,35,315
13565,127,1,7
13566,393,46,460
13567,258,19,152
13568,97,32,224
13569,78,25,225
13570,298,35,175
13571,288,7,56
13572,289,20,100
13573,451,14,98
13574,420,12,108
13575,171,4,40
13576,259,26,260
13577,187,17,153
13578,327,19,152
13579,125,24,120
13580,116,6,60
13581,220,25,150
13582,480,29,232
13583,334,23,184
13584,92,23,161
13585,46,1,8
13586,383,32,256
13587,112,11,110
13588,434,31,186
13589,146,45,225
13590,185,5,35
13591,110,18,162
13592,118,41,205
13593,175,21,105
13594,274,30,240
13595,13,4,36
13596,285,44,352
13597,462,15,105
13598,45,14,126
13599,144,44,264
13600,332,28,252
13601,164,48,384
13602,50,1,5
13603,184,32,160
13604,392,36,288
13605,383,31,310
13606,369,42,294
13607,224,44,440
13608,390,11,99
13609,454,46,322
13610,481,5,45
13611,465,48,384
13612,492,33,198
13613,246,14,140
13614,479,8,64
13615,22,48,384
13616,444,40,240
13617,90,5,45
13618,32,21,168
13619,258,43,387
13620,83,21,147
13621,260,9,54
13622,30,33,297
13623,56,5,45
13624,430,34,238
13625,264,39,234
13626,168,29,174
13627,108,19,152
13628,472,31,310
13629,22,10,80
13630,431,34,238
13631,211,16,160
13632,431,10,80
13633,344,27,270
13634,259,38,190
13635,419,46,322
13636,187,50,300
13637,398,17,102
13638,349,32,256
13639,143,22,154
13640,35,28,280
13641,82,15,120
13642,412,23,138
13643,50,29,261
13644,364,19,190
13645,66,48,480
13646,265,19,95
13647,201,17,119
13648,18,45,405
13649,233,45,270
13650,305,40,280
13651,290,12,72
13652,247,36,360
13653,444,41,287
13654,218,23,184
13655,238,44,352
13656,334,26,260
13657,490,1,10
13658,290,31,279
13659,320,4,36
13660,222,41,328
13661,152,20,200
13662,203,3,15
13663,84,30,210
13664,216,50,450
13665,433,37,370
13666,26,29,203
13667,42,35,175
13668,277,43,258
13669,260,46,414
13670,137,46,460
13671,262,42,252
13672,476,37,370
13673,265,8,80
13674,260,47,423
13675,410,42,252
13676,168,8,80
13677,63,41,410
13678,482,49,245
13679,359,26,182
13680,22,19,114
13681,263,19,95
13682,206,6,36
13683,426,27,189
13684,133,13,117
13685,340,6,60
13686,455,45,315
13687,421,14,126
13688,107,19,171
13689,312,9,45
13690,477,35,210
13691,301,11,99
13692,232,49,245
13693,106,49,392
13694,410,20,180
13695,46,14,70
13696,18,6,60
13697,35,7,56
13698,136,21,105
13699,306,6,54
13700,278,21,147
13701,460,35,175
13702,486,33,330
13703,327,5,40
13704,142,35,245
13705,377,10,70
13706,248,17,170
13707,80,24,216
13708,223,2,12
13709,460,31,217
13710,213,45,315
13711,291,27,270
13712,57,30,150
13713,121,4,24
13714,21,25,225
13715,352,7,49
13716,455,18,90
13717,165,18,144
13718,382,39,234
13719,216,20,160
13720,325,17,153
13721,293,15,120
13722,18,13,117
13723,280,13,104
13724,345,18,126
13725,355,38,304
13726,107,37,222
13727,444,9,63
13728,455,45,360
13729,481,11,110
13730,37,35,245
13731,219,45,360
13732,233,28,224
13733,443,29,290
13734,298,16,160
13735,36,4,36
13736,345,38,228
13737,413,32,288
13738,291,38,228
13739,292,44,396
13740,288,5,35
13741,161,7,42
13742,408,8,48
13743,424,21,168
13744,338,29,203
13745,349,39,234
13746,350,30,240
13747,147,34,204
13748,439,41,328
13749,380,17,170
13750,280,25,225
13751,354,12,96
13752,61,10,90
13753,420,9,81
13754,120,35,350
13755,365,32,288
13756,388,47,376
13757,370,30,270
13758,231,46,460
13759,379,30,180
13760,92,49,245
13761,411,19,190
13762,23,31,155
13763,124,9,45
13764,349,43,387
13765,267,32,256
13766,80,18,126
13767,253,28,196
13768,211,17,102
13769,205,39,351
13770,17,42,378
13771,76,33,165
13772,156,4,24
13773,161,8,40
13774,486,22,110
13775,400,48,288
13776,355,41,246
13777,422,19,190
13778,113,22,110
13779,317,10,90
13780,144,49,441
13781,219,18,108
13782,26,45,360
13783,261,50,300
13784,261,38,228
13785,163,22,132
13786,128,13,91
13787,183,4,32
13788,210,49,490
13789,268,21,147
13790,13,48,384
13791,224,22,110
13792,29,21,189
13793,82,18,90
13794,159,2,10
13795,330,13,65
13796,32,25,250
13797,157,13,117
13798,433,14,98
13799,124,23,161
13800,436,4,28
13801,196,42,252
13802,65,13,117
13803,180,14,98
13804,218,36,252
13805,115,26,234
13806,221,6,60
13807,304,26,182
13808,362,24,192
13809,355,23,115
13810,208,16,80
13811,192,39,234
13812,64,12,120
13813,26,47,235
13814,322,49,392
13815,89,10,90
13816,424,44,264
13817,386,43,258
13818,80,10,80
13819,18,46,276
13820,184,29,261
13821,220,1,6
13822,456,23,184
13823,224,31,248
13824,485,24,240
13825,498,11,55
13826,173,6,30
13827,157,37,259
13828,295,9,81
13829,238,35,245
13830,73,47,470
13831,111,14,112
13832,159,23,207
13833,305,39,234
13834,361,35,350
13835,202,14,98
13836,449,39,390
13837,381,43,301
13838,326,39,273
13839,467,47,376
13840,213,34,170
13841,292,10,100
13842,454,15,75
13843,304,2,16
13844,74,47,470
13845,350,1,9
13846,214,38,190
13847,120,8,64
13848,321,22,110
13849,480,20,100
13850,322,50,250
13851,269,16,160
13852,10,32,160
13853,243,27,270
13854,196,39,351
13855,286,31,279
13856,475,30,300
13857,423,21,189
13858,345,23,138
13859,160,3,30
13860,380,29,145
13861,209,5,40
13862,20,9,81
13863,115,45,405
13864,344,47,235
13865,32,44,264
13866,98,35,245
13867,410,18,90
13868,241,43,215
13869,417,6,54
13870,108,36,252
13871,432,32,320
13872,194,11,77
13873,475,6,48
13874,94,35,245
13875,160,4,28
13876,16,48,432
13877,13,33,198
13878,376,26,130
13879,276,16,128
13880,175,17,85
13881,24,41,287
13882,468,15,135
13883,32,32,320
13884,58,29,203
13885,246,28,140
13886,168,48,240
13887,86,20,120
13888,419,28,168
13889,366,14,98
13890,52,39,390
13891,28,38,190
13892,275,28,168
13893,433,19,114
13894,351,39,390
13895,157,33,198
13896,226,36,324
13897,130,19,171
13898,301,6,42
13899,302,11,55
13900,231,12,108
13901,497,50,400
13902,406,18,108
13903,452,50,450
13904,162,35,315
13905,363,43,344
13906,465,5,30
13907,374,19,171
13908,110,11,66
13909,392,47,423
13910,248,4,40
13911,372,31,155
13912,418,27,216
13913,203,42,210
13914,96,44,352
13915,166,50,500
13916,493,10,80
13917,284,12,108
13918,154,40,280
13919,243,43,344
13920,62,32,256
13921,134,22,176
13922,299,22,220
13923,190,5,50
13924,190,24,192
13925,233,7,70
13926,35,28,280
13927,150,33,165
13928,308,1,10
13929,203,34,306
13930,108,33,330
13931,108,45,450
13932,242,40,240
13933,54,31,310
13934,88,35,245
13935,283,10,80
13936,357,39,234
13937,460,43,387
13938,168,36,360
13939,376,7,35
13940,481,7,56
13941,276,35,245
13942,134,5,35
13943,339,42,210
13944,14,46,368
13945,282,41,369
13946,33,34,306
13947,50,39,351
13948,74,11,66
13949,189,13,130
13950,329,33,264
13951,195,35,280
13952,428,20,120
13953,232,15,150
13954,325,37,222
13955,225,9,45
13956,362,27,162
13957,494,37,222
13958,387,9,63
13959,66,41,246
13960,184,8,80
13961,282,9,45
13962,204,35,350
13963,239,18,162
13964,228,5,30
13965,182,47,376
13966,415,4,40
13967,484,38,342
13968,457,3,24
13969,19,25,200
13970,204,5,30
13971,183,23,138
13972,28,31,248
13973,475,15,120
13974,106,1,5
13975,424,3,30
13976,200,49,441
13977,217,8,80
13978,312,3,30
13979,427,47,235
13980,126,4,28
13981,296,16,112
13982,99,22,198
13983,234,1,5
13984,59,45,360
13985,22,1,6
13986,444,5,45
13987,321,11,99
13988,252,39,390
13989,196,34,204
13990,252,15,90
13991,180,7,49
13992,332,23,184
13993,333,47,470
13994,200,41,205
13995,147,31,217
13996,254,49,245
13997,74,23,230
13998,63,50,350
13999,387,12,60
14000,403,46,460
14001,262,33,198
14002,132,14,112
14003,310,43,344
14004,321,31,279
14005,219,17,136
14006,277,7,70
14007,376,19,133
14008,176,36,288
14009,405,50,350
14010,449,50,250
14011,35,12,120
14012,58,45,405
14013,496,16,128
14014,405,12,108
14015,226,42,252
14016,442,46,368
14017,17,38,228
14018,319,13,78
14019,394,17,119
14020,373,4,32
14021,46,39,195
14022,105,32,160
14023,179,9,81
14024,376,15,120
14025,155,44,264
14026,370,9,81
14027,468,29,232
14028,184,5,50
14029,166,16,96
14030,484,45,450
14031,317,46,460
14032,426,24,144
14033,418,44,264
14034,172,50,450
14035,136,30,240
14036,145,42,294
14037,97,11,55
14038,164,24,144
14039,103,23,161
14040,135,47,329
14041,264,7,56
14042,164,44,352
14043,317,28,280
14044,437,29,203
14045,339,2,20
14046,51,17,119
14047,407,16,80
14048,12,18,144
14049,315,41,205
14050,82,5,25
14051,346,24,120
14052,485,29,145
14053,55,28,168
14054,346,12,72
14055,223,10,80
14056,257,19,152
14057,335,36,360
14058,60,42,336
14059,458,2,12
14060,479,34,340
14061,415,8,40
14062,475,14,140
14063,256,20,140
14064,104,5,50
14065,291,38,190
14066,398,18,180
14067,278,17,153
14068,426,11,88
14069,466,22,198
14070,378,19,190
14071,179,13,78
14072,232,13,65
14073,495,14,126
14074,126,9,81
14075,217,40,240
14076,496,46,414
14077,61,47,329
14078,25,49,441
14079,250,3,24
14080,343,21,126
14081,30,34,238
14082,170,14,112
14083,241,36,252
14084,229,7,42
14085,375,15,120
14086,114,48,384
14087,366,13,130
14088,56,33,330
14089,222,4,24
14090,458,9,63
14091,349,47,470
14092,361,24,216
14093,23,19,171
14094,435,46,230
14095,126,42,378
14096,384,11,55
14097,124,21,210
14098,80,41,246
14099,24,19,190
14100,175,12,84
14101,67,26,208
14102,112,26,182
14103,391,13,104
14104,76,19,95
14105,103,49,490
14106,320,27,135
14107,232,13,130
14108,369,45,405
14109,251,12,96
14110,92,29,232
14111,19,24,240
14112,255,10,70
14113,123,47,423
14114,173,28,196
14115,326,3,18
14116,163,32,224
14117,364,16,144
14118,444,47,235
14119,315,19,171
14120,486,40,360
14121,459,15,90
14122,439,13,130
14123,358,31,217
14124,25,38,190
14125,70,8,80
14126,55,32,160
14127,138,3,27
14128,216,34,238
14129,47,7,35
14130,123,15,120
14131,187,37,333
14132,250,36,216
14133,328,42,294
14134,287,33,231
14135,149,3,30
14136,198,44,396
14137,209,40,240
14138,71,28,280
14139,440,40,320
14140,470,32,192
14141,97,45,315
14142,261,37,222
14143,286,42,378
14144,165,43,430
14145,141,38,266
14146,313,40,400
14147,75,40,360
14148,184,20,140
14149,480,42,294
14150,223,22,154
14151,112,19,114
14152,163,20,160
14153,115,12,96
14154,460,31,155
14155,300,38,342
14156,288,6,48
14157,375,34,170
14158,281,29,232
14159,144,10,70
14160,186,30,180
14161,165,49,245
14162,500,35,280
14163,83,11,88
14164,362,49,490
14165,82,43,387
14166,50,20,120
14167,236,20,140
14168,464,49,294
14169,114,50,500
14170,491,4,20
14171,348,11,55
14172,403,28,280
14173,194,39,273
14174,369,22,176
14175,368,39,390
14176,26,50,400
14177,134,3,27
14178,383,12,120
14179,183,47,282
14180,142,33,231
14181,274,37,259
14182,99,10,70
14183,270,23,230
14184,315,13,104
14185,39,1,5
14186,436,12,120
14187,446,37,333
14188,422,5,25
14189,37,49,392
14190,263,23,161
14191,299,23,161
14192,364,26,234
14193,269,35,175
14194,368,30,150
14195,382,33,330
14196,417,12,60
14197,269,20,120
14198,488,37,185
14199,131,5,50
14200,83,36,216
14201,418,14,112
14202,195,8,80
14203,241,17,119
14204,98,23,115
14205,342,38,380
14206,32,30,180
14207,245,19,190
14208,281,37,222
14209,76,5,50
14210,449,50,450
14211,84,39,234
14212,408,29,261
14213,96,21,210
14214,467,48,240
14215,66,30,180
14216,234,15,90
14217,233,47,235
14218,334,31,155
14219,174,21,210
14220,151,32,256
14221,72,11,88
14222,289,22,154
14223,488,20,120
14224,458,44,264
14225,425,49,490
14226,286,34,238
14227,360,41,246
14228,165,36,216
14229,146,23,115
14230,481,5,30
14231,49,13,78
14232,27,27,243
14233,108,42,378
14234,41,5,25
14235,305,43,387
14236,454,18,108
14237,207,30,180
14238,86,22,154
14239,301,32,320
14240,411,32,288
14241,371,20,200
14242,382,29,145
14243,17,20,120
14244,429,50,450
14245,439,3,21
14246,152,31,279
14247,42,50,300
14248,293,1,10
14249,284,45,225
14250,488,23,138
14251,90,21,189
14252,25,14,126
14253,248,39,195
14254,83,14,70
14255,139,19,190
14256,50,40,280
14257,405,6,48
14258,213,46,368
14259,303,8,48
14260,190,44,308
14261,316,14,98
14262,477,42,294
14263,246,41,410
14264,203,45,360
14265,232,26,130
14266,388,17,170
14267,79,10,100
14268,197,37,185
14269,246,26,156
14270,150,2,16
14271,449,35,210
14272,238,14,112
14273,482,45,225
14274,14,50,300
14275,412,44,440
14276,201,9,72
14277,137,24,120
14278,76,2,14
14279,53,45,450
14280,487,33,330
14281,384,1,8
14282,208,2,20
14283,454,45,405
14284,189,32,288
14285,351,20,120
14286,401,41,246
14287,154,10,70
14288,369,32,160
14289,45,23,207
14290,114,4,24
14291,447,33,264
14292,345,33,264
14293,359,45,270
14294,410,48,336
14295,166,8,48
14296,376,11,99
14297,281,5,30
14298,34,26,156
14299,239,7,42
14300,36,19,171
14301,65,47,329
14302,320,11,88
14303,26,6,42
14304,123,37,185
14305,39,48,384
14306,27,1,5
14307,254,5,30
14308,416,43,387
14309,104,44,396
14310,282,14,84
14311,437,14,126
14312,143,40,240
14313,147,2,14
14314,435,48,336
14315,48,40,240
14316,456,19,95
14317,309,30,180
14318,81,40,360
14319,273,4,32
14320,499,1,6
14321,279,19,133
14322,32,45,405
14323,165,15,75
14324,376,33,297
14325,262,50,450
14326,472,40,320
14327,85,22,198
14328,247,43,430
14329,260,9,63
14330,240,40,360
14331,448,26,182
14332,26,47,282
14333,109,46,276
14334,61,38,190
14335,402,42,210
14336,371,28,140
14337,364,24,240
14338,299,26,260
14339,141,18,162
14340,186,19,133
14341,113,35,280
14342,263,28,168
14343,163,6,60
14344,107,32,256
14345,17,40,200
14346,379,24,144
14347,117,35,350
14348,213,29,174
14349,52,48,336
14350,33,24,192
14351,144,38,380
14352,271,13,65
14353,52,25,200
14354,399,46,460
14355,230,11,99
14356,175,45,405
14357,113,19,152
14358,188,50,300
14359,343,9,72
14360,499,25,150
14361,497,27,162
14362,44,27,135
14363,332,37,333
14364,265,9,90
14365,106,23,115
14366,371,9,90
14367,37,10,50
14368,343,5,35
14369,142,5,50
14370,256,8,72
14371,485,34,340
14372,417,17,119
14373,140,3,30
14374,463,40,240
14375,278,14,112
14376,227,47,282
14377,54,3,30
14378,16,34,272
14379,283,28,196
14380,215,22,154
14381,379,46,414
14382,119,31,279
14383,154,24,144
14384,103,37,296
14385,212,11,110
14386,242,24,144
14387,329,49,490
14388,406,28,196
14389,417,8,40
14390,279,4,32
14391,161,36,288
14392,87,17,170
14393,489,42,378
14394,65,28,140
14395,436,29,261
14396,213,2,20
14397,122,16,144
14398,199,25,250
14399,333,24,216
14400,407,18,144
14401,195,11,55
14402,462,32,224
14403,61,24,192
14404,41,31,217
14405,352,24,120
14406,167,17,153
14407,173,2,16
14408,362,26,156
14409,144,29,232
14410,261,29,145
14411,50,24,240
14412,333,35,210
14413,30,30,270
14414,41,31,248
14415,23,33,297
14416,328,35,350
14417,480,36,252
14418,271,30,210
14419,58,36,360
14420,197,48,432
14421,97,19,114
14422,189,40,400
14423,140,30,300
14424,331,1,9
14425,198,21,189
14426,162,49,294
14427,198,30,300
14428,407,15,90
14429,113,22,220
14430,91,46,368
14431,377,24,240
14432,125,4,32
14433,497,44,396
14434,103,38,190
14435,90,40,280
14436,413,37,222
14437,116,31,310
14438,99,31,217
14439,469,36,360
14440,388,35,210
14441,341,25,150
14442,220,27,135
14443,53,5,35
14444,74,15,150
14445,45,27,189
14446,444,28,280
14447,498,16,160
14448,164,22,176
14449,267,9,72
14450,131,26,260
14451,37,9,72
14452,235,49,441
14453,339,28,224
14454,15,31,155
14455,370,3,18
14456,287,13,104
14457,273,33,231
14458,288,13,65
14459,349,48,480
14460,434,40,240
14461,323,50,350
14462,381,16,96
14463,337,39,312
14464,241,22,110
14465,398,39,273
14466,374,15,90
14467,256,49,392
14468,183,41,205
14469,117,33,198
14470,279,13,104
14471,317,3,30
14472,73,3,21
14473,424,9,54
14474,308,5,25
14475,332,3,18
14476,186,19,114
14477,356,30,180
14478,84,33,165
14479,173,41,369
14480,382,1,7
14481,238,5,40
14482,448,13,65
14483,55,27,270
14484,428,48,432
14485,89,25,150
14486,500,45,315
14487,193,22,198
14488,485,42,210
14489,435,49,392
14490,55,8,40
14491,375,12,96
14492,96,31,279
14493,280,23,184
14494,320,19,95
14495,292,13,117
14496,176,2,10
14497,422,30,180
14498,137,47,423
14499,267,24,216
14500,291,18,180
14501,488,44,440
14502,68,41,410
14503,58,44,308
14504,421,2,10
14505,111,39,234
14506,145,48,480
14507,177,19,190
14508,236,23,115
14509,455,36,216
14510,18,37,222
14511,160,23,161
14512,471,13,65
14513,311,35,280
14514,70,5,25
14515,113,18,108
14516,156,41,246
14517,189,45,225
14518,77,48,432
14519,64,16,128
14520,468,49,294
14521,236,2,14
14522,274,28,196
14523,150,3,24
14524,461,4,20
14525,199,4,40
14526,255,37,296
14527,206,44,440
14528,180,31,310
14529,12,2,20
14530,323,39,312
14531,401,17,85
14532,178,21,210
14533,163,24,192
14534,292,5,35
14535,181,9,54
14536,277,25,150
14537,39,42,336
14538,271,17,85
14539,406,9,72
14540,361,44,440
14541,179,36,252
14542,215,35,280
14543,193,16,160
14544,442,21,189
14545,490,11,66
14546,401,37,259
14547,393,16,160
14548,476,16,112
14549,379,2,20
14550,215,43,258
14551,359,5,25
14552,29,26,234
14553,89,27,162
14554,193,26,182
14555,386,10,50
14556,449,16,144
14557,313,30,210
14558,123,44,440
14559,76,31,310
14560,231,13,104
14561,432,42,378
14562,257,35,175
14563,218,12,60
14564,114,37,370
14565,210,5,35
14566,401,18,126
14567,95,37,222
14568,493,21,105
14569,137,21,168
14570,127,10,80
14571,264,44,220
14572,477,7,70
14573,219,11,110
14574,272,12,96
14575,210,32,256
14576,207,1,8
14577,224,16,96
14578,252,30,210
14579,343,42,252
14580,11,40,280
14581,496,25,175
14582,479,28,252
14583,249,4,32
14584,202,46,368
14585,215,21,147
14586,356,8,40
14587,481,24,192
14588,370,18,162
14589,429,27,243
14590,174,7,42
14591,438,4,20
14592,206,18,180
14593,318,49,392
14594,171,1,8
14595,428,1,9
14596,164,32,288
14597,436,17,119
14598,283,35,350
14599,371,2,12
14600,225,8,80
14601,142,6,54
14602,232,42,378
14603,339,18,108
14604,190,38,380
14605,86,35,315
14606,253,37,296
14607,151,5,45
14608,77,39,273
14609,451,19,114
14610,424,2,18
14611,375,30,210
14612,47,41,287
14613,283,39,312
14614,401,44,220
14615,405,21,210
14616,40,43,344
14617,134,12,84
14618,257,45,360
14619,379,18,162
14620,495,16,144
14621,159,34,340
14622,46,5,35
14623,18,36,324
14624,202,43,344
14625,228,45,270
14626,437,2,14
14627,327,2,18
14628,268,31,186
14629,196,21,210
14630,442,34,238
14631,400,41,287
14632,181,18,90
14633,377,1,6
14634,120,17,153
14635,131,1,7
14636,263,49,490
14637,314,13,130
14638,65,50,500
14639,152,40,360
14640,123,3,27
14641,111,46,230
14642,249,26,260
14643,164,40,280
14644,272,47,329
14645,136,18,126
14646,160,29,145
14647,274,18,108
14648,207,35,280
14649,65,36,360
14650,135,49,490
14651,250,32,288
14652,177,46,230
14653,170,36,360
14654,319,16,128
14655,158,9,54
14656,185,23,230
14657,370,48,432
14658,468,43,430
14659,10,47,282
14660,305,41,369
14661,280,35,350
14662,404,16,112
14663,494,24,192
14664,318,2,16
14665,281,3,30
14666,428,13,104
14667,275,16,80
14668,370,18,108
14669,374,34,170
14670,261,21,189
14671,202,13,130
14672,253,13,65
14673,286,7,49
14674,72,35,175
14675,83,25,200
14676,184,6,42
14677,134,7,42
14678,314,19,190
14679,128,42,210
14680,284,24,216
14681,460,42,252
14682,451,36,360
14683,434,1,5
14684,199,22,110
14685,267,40,280
14686,321,21,126
14687,415,13,65
14688,267,2,18
14689,460,7,70
14690,341,1,10
14691,321,3,24
14692,129,34,170
14693,323,25,225
14694,50,24,192
14695,275,38,304
14696,155,46,230
14697,408,20,180
14698,28,16,144
14699,251,41,328
14700,258,31,248
14701,104,41,205
14702,334,38,190
14703,180,19,152
14704,175,31,155
14705,436,40,360
14706,441,49,441
14707,431,2,10
14708,222,46,414
14709,111,16,96
14710,317,13,130
14711,288,21,168
14712,429,11,55
14713,72,28,280
14714,426,9,90
14715,408,14,98
14716,369,20,120
14717,453,15,90
14718,85,39,234
14719,164,44,352
14720,70,9,81
14721,229,31,217
14722,492,29,290
14723,168,22,220
14724,197,16,160
14725,82,21,126
14726,446,24,168
14727,205,22,220
14728,290,5,30
14729,21,32,288
14730,113,16,128
14731,145,44,440
14732,464,18,180
14733,484,39,351
14734,180,6,60
14735,373,11,66
14736,422,48,384
14737,373,6,60
14738,152,46,414
14739,87,25,125
14740,420,16,80
14741,349,31,186
14742,231,48,480
14743,489,30,240
14744,382,20,180
14745,252,34,272
14746,247,11,55
14747,373,14,98
14748,323,49,245
14749,488,39,351
14750,444,6,54
14751,58,36,180
14752,141,2,20
14753,154,30,240
14754,244,44,352
14755,379,20,140
14756,128,32,160
14757,178,2,20
14758,265,15,150
14759,86,42,336
14760,132,39,273
14761,178,28,140
14762,38,41,369
14763,402,20,160
14764,251,49,294
14765,302,31,310
14766,479,2,18
14767,230,35,245
14768,199,32,224
14769,285,45,405
14770,50,37,259
14771,427,7,35
14772,278,38,342
14773,257,27,189
14774,344,30,240
14775,110,47,376
14776,320,33,297
14777,133,49,245
14778,148,4,20
14779,371,36,288
14780,26,24,144
14781,288,8,64
14782,475,3,21
14783,232,38,228
14784,410,19,114
14785,213,16,144
14786,343,14,70
14787,135,45,270
14788,284,15,150
14789,410,16,144
14790,98,5,30
14791,276,31,310
14792,248,23,230
14793,287,24,216
14794,49,14,126
14795,11,6,42
14796,207,34,340
14797,420,44,396
14798,10,23,115
14799,148,11,99
14800,15,42,378
14801,388,48,288
14802,316,10,80
14803,135,44,264
14804,499,7,49
14805,159,4,24
14806,203,48,288
14807,106,19,133
14808,97,34,340
14809,443,48,384
14810,386,38,228
14811,307,22,154
14812,101,17,119
14813,441,32,320
14814,197,35,315
14815,189,18,108
14816,117,43,344
14817,283,3,24
14818,166,19,95
14819,341,33,297
14820,78,38,304
14821,216,36,180
14822,350,49,490
14823,114,25,250
14824,237,14,98
14825,398,22,154
14826,226,22,220
14827,199,45,270
14828,480,3,24
14829,287,28,140
14830,255,4,40
14831,408,44,396
14832,288,30,210
14833,494,39,273
14834,410,39,312
14835,294,29,290
14836,451,5,30
14837,415,36,360
14838,225,2,10
14839,25,2,16
14840,67,20,100
14841,302,28,252
14842,172,19,190
14843,43,47,423
14844,147,15,75
14845,460,33,264
14846,400,44,440
14847,163,14,126
14848,18,17,102
14849,455,8,56
14850,431,29,145
14851,444,11,110
14852,451,21,126
14853,339,6,42
14854,75,50,400
14855,227,2,10
14856,31,23,207
14857,435,15,90
14858,191,44,308
14859,59,34,340
14860,368,45,315
14861,161,13,130
14862,210,4,20
14863,285,38,342
14864,142,36,360
14865,401,1,8
14866,219,40,240
14867,433,35,245
14868,161,44,440
14869,221,27,162
14870,167,46,368
14871,404,16,128
14872,400,48,240
14873,256,45,270
14874,421,29,261
14875,393,50,450
14876,127,3,15
14877,427,16,144
14878,44,36,360
14879,322,6,36
14880,245,46,322
14881,424,26,182
14882,219,27,216
14883,115,22,132
14884,202,8,40
14885,279,45,315
14886,87,42,252
14887,466,27,162
14888,84,25,250
14889,372,25,150
14890,437,8,80
14891,287,45,405
14892,17,30,240
14893,14,21,168
14894,180,6,60
14895,462,38,266
14896,319,32,224
14897,429,9,81
14898,415,43,344
14899,195,4,24
14900,394,7,35
14901,36,6,42
14902,193,29,145
14903,218,5,25
14904,270,32,320
14905,15,35,245
14906,209,19,95
14907,429,44,264
14908,79,37,259
14909,354,8,48
14910,245,37,333
14911,328,23,230
14912,235,42,252
14913,70,17,136
14914,11,32,224
14915,132,2,18
14916,123,50,500
14917,269,7,35
14918,278,44,396
14919,440,48,480
14920,354,12,60
14921,237,47,423
14922,83,9,54
14923,375,29,174
14924,330,33,231
14925,493,1,9
14926,325,15,90
14927,296,45,360
14928,383,27,270
14929,131,39,273
14930,326,13,130
14931,391,4,24
14932,347,15,150
14933,401,19,133
14934,387,10,60
14935,53,25,250
14936,135,28,252
14937,94,1,6
14938,279,22,176
14939,100,3,30
14940,430,36,288
14941,72,19,171
14942,234,35,350
14943,330,27,189
14944,200,34,170
14945,112,37,370
14946,148,39,273
14947,305,39,390
14948,254,39,273
14949,104,5,40
14950,426,26,156
14951,424,48,480
14952,485,16,96
14953,362,25,175
14954,228,29,261
14955,212,38,190
14956,460,12,108
14957,281,47,235
14958,180,12,60
14959,393,27,216
14960,177,10,50
14961,65,7,56
14962,142,33,264
14963,75,48,432
14964,453,24,168
14965,458,48,240
14966,401,25,175
14967,405,47,376
14968,375,21,126
14969,225,2,18
14970,237,45,360
14971,204,29,290
14972,240,10,80
14973,466,3,21
14974,216,20,100
14975,127,21,126
14976,15,48,336
14977,35,17,85
14978,214,37,185
14979,56,49,245
14980,350,16,80
14981,420,9,90
14982,233,49,392
14983,222,14,140
14984,377,30,270
14985,41,9,54
14986,497,20,180
14987,172,17,85
14988,22,9,72
14989,456,44,308
14990,258,46,230
14991,498,29,232
14992,93,15,135
14993,178,22,198
14994,113,8,64
14995,313,13,78
14996,153,24,144
14997,109,24,168
14998,209,39,312
14999,180,38,228
